,userName,score,at,content,clean_teks,polarity_score,polarity
0,Kayna Adiva,1,2023-10-31T17:01:24.000,"Saya rank legend 5 malah terus bertemu musuh yang sudah legend 1/2. Dan itu pasti membuat saya kalah, di tim musuh semuanya sangatlah jago dan kompak, sedangkan tm sendiri sama sekali tidak kompak dan jago. Saya sudah lelah losetreak akibat draft yang tidak sesuai. Apalagi jika saya tiba-tiba bertemu penjoki. Dan ketika bermain pasti ping selalu jumping, yang membuat saya terpaksa afk. Apalagi sekarang banyak sekali bug akibat update. Tolong diperbaiki.","peringkat,legend,temu,musuh,legend,kalah,tim,musuh,jago,kompak,tm,kompak,jago,lelah,losetreak,akibat,draft,sesuai,tiba,temu,joki,main,ping,loncat,paksa,afk,bug,akibat,terbaru,tolong,baik",-6,negative
1,kasfy nisya,4,2023-11-03T10:00:36.000,"Bagus, cuman kadang dlm pertandingan ga seimbang,, apalagi kalau solo rank. sehingga sulit untuk melakukan perlawanan dengan maksimal, karna tidak adanya penyaringan level sebelum pertandingan. Biarpun cara dan taktiknya bagus, tapi kalau perbedaan levelx jauh berbeda dan hanya ada slh satunya aja yg levelx SM dgn lwn, maka akan sulit untuk mem push.","bagus,cuman,kadang,dlm,tanding,tidak,imbang,solo,peringkat,sulit,lawan,maksimal,karena,nyaring,level,tanding,biarpun,taktik,bagus,beda,levelx,beda,slh,satu,saja,levelx,sm,dengan,lawan,sulit,mem,push",-15,negative
2,Sun thin Then,1,2023-10-29T15:10:42.000,"Gamenya sih udah bagus bgt, grafiknya mantap, backsound mantap, dan mekanisme gamenya juga mudah. Tapi ada kekurangan dari game ini yaitu sistem matchmaking yg tidak adil dimana kita yg masih dirank bawah ketemu lawan rank tinggi mohon diperbaiki moonton 🙏","game,sih,sudah,bagus,banget,grafik,mantap,backsound,mantap,mekanisme,game,mudah,kurang,game,sistem,matchmaking,adil,mana,dirank,ketemu,lawan,peringkat,mohon,baik,moonton,",12,positive
3,Star space,1,2023-10-29T11:50:33.000,Game nya sudah bagus tetapi ada beberapa masalah yang meresahkan yaitu dark sistem katanya udah di hapus kok masih ada tu yang namanya dark sistem kedua pembagian tin tidak masuk akal musuh/enemy itu rank nya tingkat atas sedangkan tim sendiri tingkat bawah sangat tidak adil,"game,bagus,resah,dark,sistem,sudah,hapus,tu,nama,dark,sistem,bagi,tin,masuk,akal,musuhenemy,peringkat,tingkat,tim,tingkat,adil",-18,negative
4,Abdul Ghani Rossyidi,3,2023-10-29T20:25:49.000,"Untuk event2 sdah oke lah. Tapi tolong prioritaskan kenyamanan dalam bermain dulu, terutama masalah ""JARINGAN"". Makin aneh, ping tiba2 merah dan gk bisa gerak alias delay hampir 5 detik. Pls fix dulu masalah jaringan.","event,sdah,oke,tolong,prioritas,nyaman,main,jaringan,aneh,ping,merah,tidak,gerak,alias,delay,detik,tolong,memperbaiki,jaringan",-7,negative
5,Maulana Dwi cahyono,4,2023-10-25T07:55:37.000,"Saya hanya ingin memberikan beberapa keluhan,meskipun game nya seru tapi untuk frame nya sedikit di turunkan agar pengalaman bermain lebih baik,dan basis nya sih sudah oke tetapi ada sedikit masalah di optimasi jaringan,mekipun optimasi jaringan hidup tapi tidak memungkinkan untuk terjadinya lag dsb jadi mohon di optimalkan kembali fitur optimasi tersebut,sudah itu aja ,fitur yang lain udah oke sih","keluhanmeskipun,game,seru,frame,turun,alam,main,baikdan,basis,sih,oke,optimasi,jaringanmekipun,optimasi,jaringan,hidup,lag,dsb,mohon,optimal,fitur,optimasi,tersebutsudah,saja,fitur,sudah,oke,sih",0,neutral
6,Sandy AF,3,2023-10-30T14:26:38.000,"Sistem match kurang sesuai dengan lawan ataupun kawan main sehingga terkadang menemukan lawan atau tim yg tidak seimbang. Sebaiknya di kolom pesan diberikan saran atau pesan untuk pihak developer sehingga pemain bisa memberikan saran untuk moonton terkait game nya yg masih terbilang banyak yg kurang (bug, cheat, sistem match yg tidak sesuai, sistem lose streak & win streak, dsb). Chuaakkzz","sistem,match,sesuai,lawan,kawan,main,terkadang,temu,lawan,tim,imbang,kolom,pesan,saran,pesan,developer,main,saran,moonton,kait,game,bilang,bug,cheat,sistem,match,sesuai,sistem,kalah,beruntun,win,beruntun,dsb,chuaakkzz",-23,negative
7,alif zulfikar,1,2023-10-31T19:13:40.000,"Setelah update kok makin gk jelas PING nya. Sering nge freeze, game ke log out. Makin gk jelas. Masalah dari dulu gk pernah selesai, permasalahan utama mu pasti jumping PING, lag. Mohon diperbaiki lagi","terbaru,tidak,ping,nge,freeze,game,log,keluar,tidak,tidak,selesai,masalah,utama,mu,loncat,ping,lag,mohon,baik",-12,negative
8,Riko Novianto,3,2023-10-27T12:49:47.000,"Overall game ini udah bagus tetapi yg jadi permasalahan dari dulu sampai sekarang itu dibagian sinyalnya yg suka drop secara tiba"" setelah update kemarin.Harapan saya Moonton dapat menambahkan map baru yg dimana dari segi creep jungle,bebatuan,dan semak semua nya dilakukan perubahan agar gameplay dan rotasi di dalam game tidak terlalu monoton dan yg pasti dengan perubahan tersebut membuat player old dan baru lebih bersemangat lagi untuk bermain karena adanya hal"" baru yg bisa dicoba thx for dev.","keseluruhan,game,sudah,bagus,masalah,bagi,sinyal,suka,drop,terbaru,kemarinharapan,moonton,map,mana,segi,creep,junglebebatuandan,semak,ubah,gameplay,rotasi,game,monoton,ubah,player,old,semangat,main,coba,terima kasih,for,developer",5,positive
9,EXELSIDEO PUTUNG,5,2023-10-29T18:01:37.000,"Mobile legends ❤️ Game yang menarik dan sangat bagus 😍 saya bermain dari awal seasion 1, game ini sangat saya sukai. Tapi semua berubah sejak update sering ngelag padahal sudah di nyalain kedua jaringan dan dengan wifi. Kecewa juga dgn akun² gb maupun push mmr, rank. Dan tim yang tidak setara dengan skill kita, maupun musuh atau teman. Dulunya game ini sangat saya sukai, tapi tidak dengan sekarang ☺️ jika masalah² diatas tidak segera di respon, maka akan semakin berkurang player mobile legends","seluler,legenda,,game,tarik,bagus,,main,seasion,game,suka,ubah,terbaru,lelet,nyala,jaringan,wifi,kecewa,dengan,akun,gb,push,mmr,peringkat,tim,tara,skill,musuh,teman,dulunya,game,suka,,masalah,atas,respon,kurang,player,seluler,legenda",-2,negative
10,Rahmat Fahreza saputra,2,2023-10-30T14:10:19.000,Tolong dong kalo update jgn mutusin jaringan mendadak apalagi pas push rank tiba-tiba nge stuck tanda loading trus gak bisa gerak. Ok kalo bisa login lagi dan gak turun bintang sih gak apa². Kalo bisa besok-besok tentuin jam updatenya atau tutup sementara mode rank nya biar para player bisa main di mode lain sambil nunggu update. Terima kasih,"tolong,kalau,terbaru,jangan,mutusin,jaringan,dadak,pas,push,peringkat,tiba,nge,stuck,tanda,loading,terus,gak,gerak,ok,kalau,login,gak,turun,bintang,sih,gak,apa,kalau,besokbesok,tentuin,jam,terbaru,tutup,mode,peringkat,biar,player,main,mode,nunggu,terbaru,terima,kasih",8,positive
11,Rann,1,2023-10-28T18:18:40.000,"Mohon maaf sebelumnya, tapi setelah di update game nya jadi jauh lebih parah di bagian lag di dalam gamenya (meskipun jaringan nya bagus + pake wifi sama data). Setelah pensi season sebelumnya(s26 atau 27) pas balik lagi lag dan frame nya malah jadi lebih parah. Buat pihak montoon nya mohon di perbaiki demi kenyamanan dan kenikmatan player saat bermain🙏🏻","mohon,maaf,terbaru,game,parah,lag,game,jaringan,bagus,pakai,wifi,data,pensi,season,sebelumnyas,pas,lag,frame,parah,montoon,mohon,baik,nyaman,nikmat,player,main",3,positive
12,Ina Alfiyanah,1,2023-10-22T14:41:54.000,"Setelah di upgrade malah nambah ancur aja, masuk loby malah keluar sendiri, saat pertandingan tiba-tiba sinyal jelek padahal kekuatan sinyal bagus, dipertandingan juga tiba-tiba ngga bisa gerak sama sekali, terus kenapa mode offline sudah ngga bisa lagi. Terimakasih","meningkatkan,nambah,hancur,saja,masuk,loby,tanding,tiba,sinyal,jelek,kuat,sinyal,bagus,tanding,tiba,tidak,gerak,mode,offline,tidak,terima kasih",-12,negative
13,jamal nota,1,2023-10-30T04:36:39.000,"Aneh, semenjak di upgrade ukuran makin besar tapi sistem makin rusak, sering banget match ngelag tiba tiba terus keluar match dengan sendirinya, dalam kondisi win terus match berenti tiba tiba pas cek hasil pertandingannya gak ada,bintang juga gak nambah,,,mooontooonn rusaaakkkkk","aneh,semenjak,meningkatkan,ukur,sistem,rusak,banget,match,lelet,match,kondisi,win,match,renti,pas,cek,hasil,tanding,gak,adabintang,gak,nambahmooontooonn,rusaaakkkkk",-1,negative
14,Halidan Official,1,2023-10-21T14:33:48.000,"Ketika banning Hero tiba-tiba jaringan hilang, padahal WiFi sedang lancar jaya. Lalu ketika saya Relog tiba-tiba stuck di (Game Loading..), otomatis saya AFK lah karena tidak bisa lanjut matching. Tolong dong di perbaiki bug nya, itu akun saya satu-satunya. Kalau sudah bisa login kembali baru saya ubah ulasan dan bintang nya, terimakasih.","banning,hero,tiba,jaringan,hilang,wifi,lancar,jaya,relog,tiba,stuck,game,loading,otomatis,afk,matching,tolong,baik,bug,akun,satusatunya,login,ubah,ulas,bintang,terima kasih",14,positive
15,Nandes Mustapa,1,2023-10-27T22:22:32.000,Gamenya sudah bagus . Cuman tolong dark sistem nya tolong di perbaiki. Saya selaku player solo saya juga ingin kemenangan. Jadi tolong dark sistemnya di perbaiki. Kalau perlu di hilangan. Game bukannya bukan senang ini cuman bisa bikin stres,"game,bagus,cuman,tolong,dark,sistem,tolong,baik,player,solo,menang,tolong,dark,sistem,baik,hilang,game,senang,cuman,bikin,stres",-11,negative
16,Rizaldy Surya Perdana,2,2023-10-30T23:38:26.000,"Buat moonton saya gatau apa yg ada di benak kalian untuk updatean sekarang. Tapi yg jelas dari pada update grafik lebih baik perbaiki bug, jaringan yg tidak pernah stabil padahal pakai wifi, sudah sering seperti ini terjadi. Tolonglah di liat ini.","moonton,gatau,benak,updatean,terbaru,grafik,baik,bug,jaringan,stabil,pakai,wifi,tolong,lihat",8,positive
17,Zumar Alhaq,1,2023-10-30T04:47:18.000,"Jaringan seluler dan wifi dirumah bagus. Main game tiba2 leg. Kadang keluar dari game. Pas mau masuk macet mentok di logo. Otomatis saya bermain afk. Apa sekarng bermain mobile lagend tidak bisa dimainkan di hp ram 6/128? Banyak bug, kenyaman bermain game hilang. Tooooollllooonggg di perbaiki lagiiiiiii. Jangan mengecewakan player mobile legend.","jaringan,seluler,wifi,rumah,bagus,main,game,lelet,kadang,game,pas,masuk,macet,mentok,logo,otomatis,main,afk,sekarng,main,seluler,lagend,main,seluler,ram,bug,kenyam,main,game,hilang,tooooollllooonggg,baik,lagiiiiiii,kecewa,player,seluler,legend",9,positive
18,Prayoko Reno,1,2023-10-27T17:09:08.000,"Gua main dari season 2, dan sekarang dari sekian banyak season gua merasa kecewa berat dan gua benci. Setiap main padahal jaringan full masih ping berat, apalagi ketika di rank lagi war. gua sebagai user assassin merasa kecewa karena harus dengan kecepatan,tapi signal di dalam game loading bukan main. Selamat tinggal mlbb, gua suka gamenya tapi sayang seribu sayang, bukan performa makin baik tapi makin rusak. See you by by.","saya,main,season,sekian,season,saya,kecewa,berat,saya,benci,main,jaringan,penuh,ping,berat,peringkat,war,saya,konsumen,assassin,kecewa,kecepatantapi,sinyal,game,loading,main,selamat,tinggal,mlbb,saya,suka,game,sayang,ribu,sayang,performa,rusak,see,you,by,by",-9,negative
19,aris nugraha,4,2023-10-31T21:13:14.000,Tolong perbaiki lagi Soalnya setiap saya main pasti dikasih musuh yang pro player Sedangkan saya masih pemula. Kalau game nya tetap bagus bisa offline lagi itu saja yang bisa saya sampaikan oke saya tunggu perbaikan nya terimakasih . Monton tolong balikin lagi mode offline nya biar seru untuk melatih hero nya oke segitu saja yang bisa saya sampaikan,"tolong,baik,main,kasih,musuh,profesional,player,mula,game,bagus,offline,oke,tunggu,baik,terima kasih,monton,tolong,balikin,mode,offline,biar,seru,latih,hero,oke,segitu",0,neutral
20,Ilham Pratama,1,2023-11-02T14:18:30.000,"Sinyal bagus,penyimpanan gak banyak ram ok tapi kok pas main malah stuck di persiapan pertandingan dan gak bisa di kembaliin lagi,moonton kalo tiap update minimal penyesuain gameplay di perhatiin terus jangan mentingin skin doang,kemudian kalo ngasih tim minimal dengan rank yang sama dan total pertandingan yang hampir sama contoh rank legend dengan jumlah pertandingan 2000 dan harus ditambahkan itu sistem rank epik gak bisa main sama legend meski sudah diajak memasuki roommatch dan seterusnya","sinyal,baguspenyimpanan,gak,ram,ok,pas,main,stuck,siap,tanding,gak,kembaliin,lagimoonton,kalau,terbaru,minimal,penyesuain,gameplay,perhatikan,mentingin,skin,doangkemudian,kalau,memberikan,tim,minimal,peringkat,total,tanding,contoh,peringkat,legend,tanding,sistem,peringkat,epik,gak,main,legend,ajak,pasuk,roommatch",2,positive
21,Boboy Yogi Baihaki,1,2023-10-28T08:22:10.000,"akhir-akhir ini saat bermain seringkali mengalami patah-patah dan ngeframe tanpa alasan yang jelas. ini terjadi bahkan ketika tidak sedang war/teamfight, juga dari segi jaringan sudah bagus, notifikasi tidak ada, grafik rendah, speed mode aktif, tapi masih seringkali patah-patah dan ngeframe tanpa sebab yang jelas. Tanpa teamfight udah demikian apalagi ketika teamfight.","akhirakhir,main,seringkali,alami,patahpatah,ngeframe,alas,warteamfight,segi,jaringan,bagus,notifikasi,grafik,rendah,kecepatan,mode,aktif,seringkali,patahpatah,ngeframe,teamfight,sudah,teamfight",-11,negative
22,Lungguk Marpaung,1,2023-11-03T07:07:27.000,Parah banget LG main magic chess bisa hilang koneksi padahal jaringan bagus. Kayaknya dicurangin biar kita ga bisa menang. Seperti ada yg nge cheat soalnya kita ga bisa masuk akun padahal kita masih online. Kadang jg melawan mirror misalnya kita diadu sama player yg SDH tereliminasi. Padahal harusnya kita melawan mirror dari player yg masih main. Kita dicurangi biar ga bisa menang seperti barusan kita ga bisa masuk kepermainan kita yg sedang berlangsung. Padahal posisi lg unggul. Parah.😭😭😭😭,"parah,banget,lagi,main,magic,chess,hilang,koneksi,jaringan,bagus,kayak,dicurangin,biar,tidak,menang,nge,cheat,tidak,masuk,akun,online,kadang,juga,lawan,mirror,adu,player,sdh,eliminasi,lawan,mirror,player,main,curang,biar,tidak,menang,barusan,tidak,masuk,main,posisi,lagi,unggul,parah",-58,negative
23,kyky bain,2,2023-10-30T04:30:16.000,"tolonglah ini game kan udah maju banget, kenapa yaa udah beberapa kali kena system error lagi in game tiba tiba stuck, signal wifi plus data udah aman, pas udah relock tapi malah stuck di step awal mau login udah 100% cuma gak masuk ke tampilan gamenya, tapi kredit score tetep berkurang, game lama yg makin banyak peminat cuma system BOBROK!!!!","tolong,game,sudah,maju,banget,yaa,sudah,kali,kena,sistem,error,masuk,game,stuck,sinyal,wifi,plus,data,sudah,aman,pas,sudah,relock,stuck,step,login,sudah,gak,masuk,tampil,game,kredit,nilai,tetep,kurang,game,minat,sistem,bobrok",-4,negative
24,Berlina Mayadewi,5,2023-10-21T15:19:39.000,"Dari segi grafik sama event sudah bagus, cuman soal pembagian tim,sama jaringan masih perlu diperbaiki soalnya kalo pas pembagian tim itu sering gak adil, terus kalo jaringan pas main itu sering lag padahal jaringan udah bagus jadi tolong untuk diperbaiki biar player bisa nyaman main ML","segi,grafik,event,bagus,cuman,bagi,timsama,jaringan,baik,kalau,pas,bagi,tim,gak,adil,kalau,jaringan,pas,main,lag,jaringan,sudah,bagus,tolong,baik,biar,player,nyaman,main,ml",-7,negative
25,Rizky Harun,2,2023-10-24T22:30:10.000,"Saya ada saran buat, kalo bisa fitur loby yg ad heronya (nolan&strsny) kalo bisa itu disetting aja biar ga terlalu ngeberatin, jadi fiturnya bisa di download bisa juga ga di download, kalo buat yang mau make ya download fiturnya, soalnya semenjak update, saat saya main di gameplay itu jadi suka ngeframe sebelum update tidak begitu itu aja sii...Terimakasih semoga di respon","saran,kalau,fitur,loby,ada,hero,nolanstrsny,kalau,disetting,saja,biar,tidak,ngeberatin,fiturnya,unduh,tidak,unduh,kalau,make,iya,unduh,fiturnya,semenjak,terbaru,main,gameplay,suka,ngeframe,terbaru,saja,siiterimakasih,moga,respon",-6,negative
26,Sad my life,2,2023-10-26T04:54:20.000,"Dalam early game sekarang mobile legens dapat di mainkan dengan lancar di hp ketang.... keren sih menurut saya... tapi masih ada bug yaitu ""dalam mode offline kita tidak dapat memasukinya"" kita tidak dapat memasuki mode offline... padahal data yg di perlukan sudah di download... mohon di perbaiki","early,game,seluler,legens,main,lancar,seluler,ketang,keren,sih,bug,mode,offline,masuk,pasuk,mode,offline,data,perlu,unduh,mohon,baik",4,positive
27,Riswan Vazzole,1,2023-11-03T21:26:19.000,"Agak kecewa sama mlbb tolong di catat yah ""GAK ADA PLAYER YG BARU MAININ GAME ITU BISA LANGSUNG JAGO YAH"" jadi jangan se enaknya aja buat ngurangin skor kredit player hanya karna gak bisa main.....dengan catatan melakukan feed yg di sengaja !!! Tolong sistem kamu itu di benerin lagi biar para player yg baru main baru belajar bisa terus belajar dengan game yg sistemnya baik","kecewa,mlbb,tolong,catat,yah,gak,player,mainin,game,langsung,jago,yah,enak,saja,ngurangin,skor,kredit,player,karena,gak,maindengan,catat,feed,sengaja,tolong,sistem,benerin,biar,player,main,ajar,ajar,game,sistem",-15,negative
28,Ichiki Hiki,4,2023-10-20T06:21:37.000,Untuk tampilan UI nya sih dah bagus tapi klo bisa kita bisa memilih UI nya sendiri contoh gua mau pasang UI Freya + skin yang sudah kita punya seperti di profil gitu kek nya bagus deh klo bisa di loby juga.,"tampil,ui,sih,sudah,bagus,kalau,pilih,ui,contoh,saya,pasang,ui,freya,skin,profil,gitu,seperti,bagus,deh,kalau,loby",-9,negative
29,Arya Stark,1,2023-10-19T01:09:19.000,"Unduh data hilang lagi unduh data hilang lagi begitu aja terus dikira download ngga lama apa. Makin kesini makin jelek sistem nya. Udah ngga layak di Mainin ini Game. Udah ngga ada feedback untuk para player, yang diutamakan hanya Event Top Up. Sedangkan para player punya Masalah di In Game tapi Tidak di Notice sekalipun oleh Monton","unduh,data,hilang,unduh,data,hilang,saja,unduh,tidak,kesini,jelek,sistem,sudah,tidak,layak,mainin,game,sudah,tidak,feedback,player,utama,event,top,up,player,masuk,game,notice,monton",-28,negative
30,Queenzi Attalia,3,2023-10-18T09:48:11.000,"Suka banget game nya tapi kenapa kadang suka force close 😭 padahal ram hp masih memadai terus masalah jaringannya juga waktu di lobby ga ada masalah pas masuk arenanya malah merah 😭 padahal jaringan juga bagus tolong lah moonton perbaiki masalah jaringan yang suka nge lag ini 🥲 dan ternyata banyak juga yang komplin masalah jaringan lag bukan hanya aku aja, jadi tolong yah diperbaiki ☺ nanti kalau sudah diperbaiki bintangnya bakal aku tambahin. Terimakasih ☺","suka,banget,game,kadang,suka,paksa,tutup,,ram,seluler,pada,jaringan,lobi,tidak,pas,masuk,arena,merah,,jaringan,bagus,tolong,moonton,baik,jaringan,suka,nge,lag,,komplin,jaringan,lag,saja,tolong,yah,baik,,baik,bintang,tambah,terima kasih,",2,positive
31,Carl Hopkins,2,2023-10-18T21:37:15.000,"Tolong di revisi kembali sistem matching nya, kenapa saya selalu bertemu dengan tim yang tidak bisa bermain dengan baik, hal itu membuat saya menjadi kesulitan untuk menaikkan rank saya karena permainan menjadi tidak seimbang, game ini 5v5 kalau ada satu atau dua orang yang tidak bisa bermain akan membuat teman satu tim yang lain menjadi terbebani. Saya harap dengan ulasan ini akan membuat sistem matching menjadi lebih baik. Terima kasih.","tolong,revisi,sistem,matching,temu,tim,main,sulit,naik,peringkat,main,imbang,game,v,orang,main,teman,tim,beban,harap,ulas,sistem,matching,terima,kasih",-16,negative
32,Alif Puja Prasetya,2,2023-10-17T20:05:42.000,"Bisa ga muntun kalo lagi di in game tu kalau misalkan kita lagi keluar app gitu misal harus check out atau sambungin wifi atau apalah gitu, terus kalo balik ke game nya lagi tuh langsung di skip aja langsung main, gaperlu nunggu dulu kaya dicepetin gitu, mana yang main bot. Nub lagi botnya, mana setiap udah giliran malah mati. Jadi ya saran saya nanti kalo lagi main terus keluar app bentar terus masuk ke game nya lagi, itu gausah kaya sosoan di cepetin, langsung skip aja biar bisa main lagi","tidak,muntun,kalau,masuk,game,tu,app,gitu,check,keluar,sambungin,wifi,apa,gitu,kalau,game,tuh,langsung,skip,saja,langsung,main,gaperlu,nunggu,kaya,dicepetin,gitu,main,robot,nub,robot,sudah,gilir,mati,iya,saran,kalau,main,app,sebentar,masuk,game,gausah,kaya,sosoan,cepetin,langsung,skip,saja,biar,main",-10,negative
33,Andrian Mauriza,3,2023-10-24T06:04:55.000,"Saya kasih B3 karena sedikit kecewa dimana kalo emang ada player Yang belum layak naik rank dipertimbangkan lagi lah, masa iya dapet tim hero² op dilepas, dapat hero nya tapi main nya kek taik kan anjeng !! Kecewa sih bukan cuman satu match tapi sudah terlalu sering.","kasih,b,kecewa,mana,kalau,emang,player,layak,peringkat,timbang,iya,dapat,tim,hero,op,lepas,hero,main,seperti,kotoran,anjing,kecewa,sih,cuman,match",-18,negative
34,Ihsan,3,2023-10-30T04:33:19.000,Masih belum puas sama performa gamenya setelah menyelesaikan pertandingan disitu loadiing untuk kembali ke interface utama sangat lama dan ada bug dimana klo mau buka menu itu suka ngecrash lalu kembali ke interface utama nya mohon diperbaiki 🥺,"puas,performa,game,selesai,tanding,situ,loadiing,interface,utama,bug,mana,kalau,buka,menu,suka,ngecrash,interface,utama,mohon,baik,",12,positive
35,Rauf Harto satrio,2,2023-11-03T11:48:31.000,"Menurut ku semua udah bagus dari segi Grafik dll cuma perlu perbaikan untuk sinyal nya terasa sekali perbedaannya saat menggunakan data dgn wifi, wifi lebih smooth sedangkan pakai data dilay saya menggunakan Telkomsel sebaiknya pihak developer memperbaiki permasalahan sinyal tersebut karena itu sangat berdampak besar untuk permainan tolong stabilkan sinyal untuk pengguna data kami sebagai player sangat kesulitan saat bermain hero yang lincah ini keluh kesah kami sebagai player","ku,sudah,bagus,segi,grafik,dan lain lain,baik,sinyal,beda,data,dengan,wifi,wifi,smooth,pakai,data,dilay,telkomsel,developer,baik,masalah,sinyal,dampak,main,tolong,stabil,sinyal,guna,data,player,sulit,main,hero,lincah,keluh,kesah,player",-14,negative
36,Nathan Aris,1,2023-10-29T16:09:25.000,"Untuk developer yang terhormat di mohon perbaiki untuk masalah drop sinyal dan masalah freeze yang ada saat di draft pick hero, freeze di detik 13 pada saat akan ban dan pick hero, ada beberapa oknum yang menggunakan cheat cheat yang ada dan untuk tim di mohon di selektif lagi, masih banyak player afk dan troll dimana mana, banyak player toxic dan rasis, sinyal jumping, penyesuain hero yang sangat epic dimana player troll di tim saya teruss, tim musuh jago, niat seneng jadi pusing + stress","developer,hormat,mohon,baik,drop,sinyal,freeze,draft,pick,hero,freeze,detik,ban,pick,hero,oknum,cheat,cheat,tim,mohon,selektif,player,afk,troll,mana,player,toxic,ras,sinyal,loncat,penyesuain,hero,epic,mana,player,troll,tim,teruss,tim,musuh,jago,niat,neng,pusing,stres",-21,negative
37,DNS Dimas,2,2023-10-20T03:37:30.000,"Setelah diupdate versi terbaru makin berat. Sering reload dalam match pertandingan. Pas mau menghubungkan kembali juga lama. Padahal sinyal bagus, hp support. Tolong dibenerin lagi pas waktu match juga analog sering berjalan sendiri.","terbaru,versi,baru,berat,reload,match,tanding,pas,hubung,sinyal,bagus,seluler,support,tolong,benar,pas,match,analog,jalan",8,positive
38,Nurizki Maluhima,1,2023-11-01T14:15:04.000,"Kebanyakan prioritas event daripada membuat kenyamanan para pemain game, kebanyakan mengeluh soal jaringan, delay, padahal ping nya aman2 aja, usahakan di bikin dulu gangguan server dan koneksi nya, bukan hanya mementingkan duit dari event, pentingkan untuk membuat nyaman para pemain mobile legend.","banyak,prioritas,event,nyaman,main,game,banyak,keluh,jaringan,delay,ping,aman,saja,usaha,bikin,ganggu,server,koneksi,penting,uang,event,penting,nyaman,main,seluler,legend",-8,negative
39,Fardhan Jo,1,2023-10-26T23:47:10.000,"Coba jelaskan tanpa adanya melihat records dulu siapa yang salah dan siapa mainnya yang bener dan bagus untuk team jangan asal main potong kredit score. Gara""di gank terus sama musuh. Sebenarnya ini permainan team bukan individual. Coba untuk moontoon lebih di perhatikan lagi untuk masalah ini. Kasian yang sering kenak buly di game cuma gara""di gank musuh terus terus san. Saya kasih bintang segitu karna masih kurang efektif pelanggaran yang tidak perlu dan tidak pantas masih berlaku untk player","coba,records,salah,main,benar,bagus,team,main,potong,kredit,nilai,garadi,gank,musuh,main,team,individual,coba,moontoon,perhati,kasih,nak,buly,game,garadi,gank,musuh,san,kasih,bintang,segitu,karena,efektif,langgar,laku,untk,player",-2,negative
40,Kurnia Sakti,4,2023-11-01T18:52:17.000,"Gamenya sudah bagus grafisnya juga mantap tapi ada satu masalah entah ini hanya saya atau orng lain juga setiap main rank bertemu musuh yg pro² sedangkan jika main clasic malah bot, tolong di perbaiki. Sementara saya kasih bintang 4 dulu.","game,bagus,grafis,mantap,orang,main,peringkat,temu,musuh,profesional,main,clasic,robot,tolong,baik,kasih,bintang",4,positive
41,TAUFIQ,1,2023-10-22T21:25:55.000,"Maaf belum bisa full rating star. Soalnya. Makin ke sini gamenya semakin banyak makan ruang penyimpanan dulu 1.GB. Sekarang sudah 7,18.GB. memang tampilan dan animasi sudah bagus. Game juga sudah bagus. Dan banyak pemainnya. Tapi sayang seribu sayang sudah bertahun tahun main ini game. Masalah leg (jaringan). Mau wifi atau data seluler. Sampai sekarang belum ada perubahan. Malah tambah parah. Minimal perbaiki dulu lah masalah koneksi. Baru upgrade yang lain.. Itu saran saya buat MOONTON🙏🙏","maaf,penuh,rating,star,game,makan,ruang,simpan,gb,gb,tampil,animasi,bagus,game,bagus,main,sayang,ribu,sayang,tahun,main,game,lelet,jaringan,wifi,data,seluler,ubah,parah,minimal,baik,koneksi,meningkatkan,saran,moonton",-20,negative
42,Gunawan Adi saputra,1,2023-10-30T04:31:08.000,"Game asu sinyal tiba2 hilang ,giliran login ulang ga bisa balik ke pertandingan.apasih game udh di gameplay ,sinyal tiba2 hilang . udh nyedot kuota ,nyedot waktu giliran login ulang ga bisa kembali ke pertandingan . Hapus aja aplikasinya. Hapus woy ,hapus aja","game,anjing,sinyal,hilang,gilir,login,ulang,tidak,pertandinganapasih,game,udh,gameplay,sinyal,hilang,udh,sedot,kuota,sedot,gilir,login,ulang,tidak,tanding,hapus,saja,aplikasi,hapus,woy,hapus,saja",-31,negative
43,Adam Laksana,1,2023-10-19T13:33:47.000,"Tolong donk benerin masalah dijaringan nya,setiap berhadapan dengan musuh pasti saja langsung lag pas ga ada musuh jaringan normal kan aneh,sudah di cek wifi aman ga ada masalah pake data aman ga ada masalah.","tolong,donk,benerin,jaringan,nyasetiap,hadap,musuh,langsung,lag,pas,tidak,musuh,jaringan,normal,anehsudah,cek,wifi,aman,tidak,pakai,data,aman,tidak",-27,negative
44,Asva Maulida,3,2023-09-28T14:26:27.000,"Setelah update banyak bug, sehingga membuat sya tidak nyaman bermain Bug yg saya alami adalah sebagian suara hilang, pada saat in-game suara skil tidak ada dan itu sangat mengganggu, padahal download data dan resource sudah selesai + skrg untuk penyimpanan makin besar sehingga player yang hp Ram 3 tidak nyaman juga karena hp freze gampang panas, lama² hp ram 3 pada pensi","terbaru,bug,sya,nyaman,main,bug,alami,suara,hilang,game,suara,skil,ganggu,unduh,data,resource,selesai,sekarang,simpan,player,seluler,ram,nyaman,seluler,freze,gampang,panas,lama,seluler,ram,pensi",2,positive
45,KazuSan,4,2023-11-04T01:27:59.000,"Masih banyak kekurangan, mulai dari hero meta yang sekalinya meta langsung gak ngotak, dark sistem yang gak di fix2 dari dulu, dan masalah match making yang terkadang kurang relevan dengan rank kita. Tapi tetep thanks buat moonton karena udh bikin fitur menejemen data, akhirnya hp kentang gw bisa lega setelah beberapa tahun ini mulai bengkak size nya","kurang,hero,meta,sekali,meta,langsung,gak,otak,dark,sistem,gak,memperbaiki,match,making,terkadang,relevan,peringkat,tetep,terima kasih,moonton,udh,bikin,fitur,menejemen,data,seluler,kentang,saya,lega,bengkak,size",-6,negative
46,Rezky khairul Kamarullah,1,2023-10-30T21:55:36.000,"Game nya seru namun kalo sering update begini jadi susah karena sekarang aja hp ram 2 aja udah gak bisa support lagi sering,ngeframe,bahkan bisa keluar game nya sendiri tolong kalo mau update itu buat fitur bagi yang ingin aja jadi yang hp ram 2 dan penyimpanan minim masih bisa","game,seru,kalau,terbaru,susah,saja,seluler,ram,saja,sudah,gak,support,seringngeframebahkan,game,tolong,kalau,terbaru,fitur,saja,seluler,ram,simpan,minim",-5,negative
47,Rohman Ajah,1,2023-10-18T22:53:13.000,"Teruntuk developer yang terhormat tolong ketika keluar pertandingan sebentar trus masuk lagi. Pas login nya jangan di persulit lah,saya keluar sebentar gak nyampe 1 menit tapi tidak bisa masuk untuk melanjut kan pertandingan. Mentok di angka 60% sampe pertandingan selesai. Mohon untuk di perbaiki lagi!!!","untuk,developer,hormat,tolong,tanding,sebentar,terus,masuk,pas,login,sulit,lahsaya,sebentar,gak,sampai,menit,masuk,lanjut,tanding,mentok,angka,sampai,tanding,selesai,mohon,baik",-5,negative
48,Izzan Azmrr,2,2023-10-13T14:53:37.000,"Gamenya sudah bagus semua. tapi tolong lah untuk pihak moonton, kalau ngasih musuh yang keras, berilah kami tim yang waras (tidak ada lagi dark sistem). Karna Itu sangat merugikan player solo yang lagi push rank ataupun yang mabar. Jadi tolong dari pihak moonton fi respon karna ini sangat penting bagi sistem kerja moonton. Semakin sering dark sistem semakin banyak yang tidak suka dengan game mobile legend ini. Tolong di respon untuk pihak moonton....","game,bagus,tolong,moonton,memberikan,musuh,keras,ilah,tim,waras,dark,sistem,karena,rugi,player,solo,push,peringkat,mabar,tolong,moonton,fi,respon,karena,sistem,kerja,moonton,dark,sistem,suka,game,seluler,legend,tolong,respon,moonton",-28,negative
49,Bagus Suroto,1,2023-10-29T22:52:42.000,Game ini lama2 membosankan. Matchmaking yg tidak seimbang dan banyak bug yang terlalu sering di abaikan. Hanya memikirkan sebuah keuntungan dari event2 tpi tidak memperbaiki tingkat kenyamanan pemain. Gd bye montoon!!!,"game,bosan,matchmaking,imbang,bug,abai,pikir,untung,event,tapi,baik,tingkat,nyaman,main,gd,bye,montoon",3,positive
50,Godwin Jordan ay,1,2023-10-15T19:08:15.000,"Semenjak update bukannya bagus,tapi malah memperburuk dari revamp modelan kek robot, fitur tampilan jaringan tidak sesuai, matchmaking malah tambah hancur tim nya gajelas, bug bug aneh muncul, tidak support ke beberapa hp dan masih banyak lagi","semenjak,terbaru,bagustapi,buruk,revamp,model,seperti,robot,fitur,tampil,jaringan,sesuai,matchmaking,hancur,tim,tidak jelas,bug,bug,aneh,muncul,support,seluler",-1,negative
51,Rachel Egi,3,2023-11-02T10:27:12.000,"saya masih master 3 ketemu tim warrior/elite terus ketemu musuh yg udh legend 4+, yang membuat saya kalah terus menerus, mohon pertimbangkan lagi. untuk sinyal juga susah waktu matchmaking lag dan bug, dan dalam game juga tiba-tiba ping langsung merah terus, padahal jaringan saya normal buat buka sosmed lainnya, mohon bagi developer.. di perbaiki lagi masalah jaringan... terima kasih...","master,ketemu,tim,warriorelite,ketemu,musuh,udh,legend,kalah,terus,mohon,timbang,sinyal,susah,matchmaking,lag,bug,game,tiba,ping,langsung,merah,jaringan,normal,buka,sosial media,mohon,developer,baik,jaringan,terima,kasih",-4,negative
52,ANFA CHANNEL,1,2023-11-01T10:20:31.000,"Moonton aneh ,mulai ngaco , war lagi rame2 nya tiba2 merah merah semua ping nya, ya otomatis kalah tim aku, semakin update semakin buruk , mulai aneh ini game ,sering banget ngalamin kaya gini, tiap war ping naik, mau itu pake wifi ataupun jaringan seluler, . kebanyakan update jadi semakin buruk, ANEEEHHH..","moonton,aneh,kacau,war,ramai,merah,merah,ping,iya,otomatis,kalah,tim,terbaru,buruk,aneh,game,banget,mengalami,kaya,gin,war,ping,pakai,wifi,jaringan,seluler,banyak,terbaru,buruk,aneeehhh",-6,negative
53,siapa ajalah,1,2023-09-29T14:59:26.000,"Sebenarnya game ini bagus, cuman mohon untuk memperbaiki macthmaking nya moonton (terutama pada rekan tim) sehingga bisa seimbang, jangan ngasih musuh yang jago, sedangkan rekan tim kaya bot susah untuk menaikkan bintang apalagi di rank, banyak ku temui rekan tim yang tidak mau bekerja sama ada yang nge feed dari early sampai late game bahkan main semaunya sendiri. Tolong untuk pihak developer untuk memperbaiki sistem macthmaking ,Dan pada season 30 sering terjadi frame.","game,bagus,cuman,mohon,baik,macthmaking,moonton,rekan,tim,imbang,memberikan,musuh,jago,rekan,tim,kaya,robot,susah,naik,bintang,peringkat,ku,temu,rekan,tim,nge,feed,early,late,game,main,tolong,developer,baik,sistem,macthmaking,season,frame",-8,negative
54,Rio Chandra,2,2023-09-25T10:50:30.000,"Lebih baik pas S29, tidak banyak bug, jaringan stabil, di game tidak berat.. Di season 30 ini banyak perubahan, membuat kami tidak nyaman bermain.. Terutama yg memiliki hp yg minim ram.. Saya menggunakan jaringan ganda wifi serta selular pun tetap terasa lag, jaringan buruk atau tidak stabil, masalahnya dimana? Ram 4gb, memori telepon tersedia 11gb, memory external tersedia 21gb tapi tetap kena lag dan berat saat bermain.. Bukan kualitas HD saja yg kami inginkan, tapi kenyamanan saat bermain jg","pas,s,bug,jaringan,stabil,game,berat,season,ubah,nyaman,main,milik,seluler,minim,ram,jaringan,ganda,wifi,selular,lag,jaringan,buruk,stabil,mana,ram,gb,memori,telepon,sedia,gb,memory,external,sedia,gb,kena,lag,berat,main,kualitas,hd,nyaman,main,juga",11,positive
55,Muhammad Gilang,1,2023-10-01T23:49:21.000,"Mohon kerjasama tolong perbaikan masalah sinyal disaat war merah ijo terus tapi disaat mati langsung bajus, dan lagi tolong dipertimbangkan lagi rekan 1tim sangat tidak seimbang dengan musuhnya. Mobile legends sekarang makin berat. Menurut saya gamenya udah bagus seru ,banyak pelajaran yg bisa diambil.","mohon,kerjasama,tolong,baik,sinyal,saat,war,merah,hijau,saat,mati,langsung,bajus,tolong,timbang,rekan,tim,imbang,musuh,seluler,legenda,berat,game,sudah,bagus,seru,ajar,ambil",-6,negative
56,KING Mardhan,1,2023-09-27T16:43:20.000,"Kenapa setelah update, kualitas koneksi jadi buruk? Jaringan 4G+ terdeteksi di bar atas, tapi lag ketika war, memori lega. Hape 5 jutaan, cuma game ini yang di install. Masih aja lag. Rata kanan pengaturan defaultnya, ku turunkan jadi sedang sama aja kualitasnya gt. Padahal untuk nonton YouTube lancar. Satu lagi, fitur highlight kok hilang setelah update. Creation camp juga ada bug di mode brawl, gak bisa masuk match. Mentok di loading match. Harus matikan hp baru bisa batalin match. Tolong sege","terbaru,kualitas,koneksi,buruk,jaringan,g,deteksi,bar,lag,war,memori,lega,seluler,juta,game,pasang,saja,lag,kanan,atur,defaultnya,ku,turun,saja,kualitas,begitu,nonton,youtube,lancar,fitur,highlight,hilang,terbaru,creation,camp,bug,mode,brawl,gak,masuk,match,mentok,loading,match,mati,seluler,batalin,match,tolong,sege",1,positive
57,Hafsha Hanifa,1,2023-10-16T16:58:22.000,Jaringan tidak stabil dan apknya semakin berat. Tolong ciptakan fitur untuk memilih jenis resource (yang lebih spesifik) yang ingin di download dan kembalikan fitur pause download resource. Mungkin saja jaringan lambat karena bermain sambil download resource. Dan dengan seperti itu mungkin apknya akan jadi jauh lebih ringan sehingga yang hp kentang bisa main dgn nyaman juga,"jaringan,stabil,aplikasi,berat,tolong,cipta,fitur,pilih,jenis,resource,spesifik,unduh,kembali,fitur,pause,unduh,resource,jaringan,lambat,main,unduh,resource,aplikasi,ringan,seluler,kentang,main,dengan,nyaman",-5,negative
58,Fitria Ariani,1,2023-09-24T16:07:27.000,"Sebenarnya game ini bagus, cuman mohon untuk memperbaiki macthmaking nya moonton (terutama pada rekan tim) sehingga bisa seimbang, jangan ngasih musuh yang jago, sedangkan rekan tim kaya bot susah untuk menaikkan bintang apalagi di rank, banyak ku temui rekan tim yang tidak mau bekerja sama ada yang nge feed dari early sampai late game bahkan main semaunya sendiri. Tolong untuk pihak developer untuk memperbaiki sistem macthmaking.","game,bagus,cuman,mohon,baik,macthmaking,moonton,rekan,tim,imbang,memberikan,musuh,jago,rekan,tim,kaya,robot,susah,naik,bintang,peringkat,ku,temu,rekan,tim,nge,feed,early,late,game,main,tolong,developer,baik,sistem,macthmaking",-8,negative
59,Yu_Aldian,1,2023-09-23T22:41:45.000,"Dari bintang 5 langsung saya turunkan jadi bintang 1. Alasan? Yah masa setelah update malah lag, geraknya UI patah2, respons lambat. Padahal HP saya termasuk range menengah keatas, dengan RAM 8 GB + Extended RAM 8 GB, ukuran ROM juga 256 GB dan memori masih luas aman, tapi gamenya setelah update kok patah-patah,, Memang bagus tampilan UI nya yang baru, tapi developer harus ingat ya, game yang dimainkan online + Realtime, performa jauh lebih penting daripada penampilan","bintang,langsung,turun,bintang,alas,yah,terbaru,lag,gerak,ui,patah,respons,lambat,seluler,range,tengah,atas,ram,gb,extended,ram,gb,ukur,rom,gb,memori,luas,aman,game,terbaru,patahpatah,bagus,tampil,ui,developer,iya,game,main,online,realtime,performa,tampil",11,positive
60,Edo Desando,1,2023-10-09T20:56:47.000,"Update UI yang berat, grafik mengalami penurunan. redesign/revamp model hero yang sangat aneh, semua hero memiliki wajah yang sama, tidak ada yang unik dari setiap tampilan hero, seperti model buatan AI. Sistem gameplay diubah menjadi permainan cepat sehingga banyak hero atau item yang tidak seimbang","terbaru,ui,berat,grafik,alami,turun,redesignrevamp,model,hero,aneh,hero,milik,wajah,unik,tampil,hero,model,buat,ai,sistem,gameplay,ubah,main,cepat,hero,hitam,imbang",-4,negative
61,Myosisistio pramono,1,2023-10-04T18:49:48.000,"Untuk moonton setelah update sistem bulan ini, saya merasa kecewa dengan frame rate, fps, patah², tidak lancar di lobby. Untuk ram oke² aja 8Gb per 128Gb, jangan event doang lah yang ditingkatin, syistem² pelancaran game nya juga penting banget di game termasuk MLBB, saya harap kata² ini bisa menjadi pelajaran untuk moonton, semoga di perbaiki kelanjutannya, thnks🙏","moonton,terbaru,sistem,kecewa,frame,nilai,fps,patah,lancar,lobi,ram,oke,saja,gb,gb,event,doang,ditingkatin,syistem,pelancar,game,banget,game,mlbb,harap,kata,ajar,moonton,moga,baik,lanjut,thnks",5,positive
62,Bang Syawal,1,2023-09-27T21:06:01.000,Mobile legen semakin update semakin banyak leg banyak bug. Joistik tiba-tiba gk bisa di gerakan tanpa ada gangguan dari sinyal atau yg lain. Skil makin susah di tekan. Hiro sering jalan sendiri berlawanan dengan analog. Hiro sering cari target sendiri tanpa di arahin.,"seluler,legen,terbaru,lelet,bug,joistik,tiba,tidak,gera,ganggu,sinyal,skil,susah,tekan,hiro,jalan,lawan,analog,hiro,cari,target,arahin",-16,negative
63,Safa Rahmadhan,1,2023-09-30T15:00:50.000,"Makin lama terasa berat gamenya. Ditambah setiap update harus ulang unduh datanya. Padahal jaringan saya lancar hp saya juga devicenya bagus, tapi suka terasa lag dan crash saat war. Ngunduh datanya lama banget dsb. Semoga kalau ada update lagi diperbarui tentang sistem match-nya juga biar adil","berat,game,tambah,terbaru,ulang,unduh,data,jaringan,lancar,seluler,devicenya,bagus,suka,lag,rusak,war,ngunduh,data,banget,dsb,moga,terbaru,baru,sistem,matchnya,biar,adil",5,positive
64,Ferdi Yahya,1,2023-10-06T09:45:03.000,"ini game kenapa si? habis update & pembaruan ke versi terbaru malah makin banyak bug nya, mulai dari cek resource yang macet kalo ga gitu hero masih pada bulat padahal semua data sudah di download, makin kesini ML makin buruk aja, kualitas buruk data apk besar, ga faedah!!! besok² kalo mau update di cek dulu apa ada sistem yg bermasalah atau kurang","game,si,habis,terbaru,baru,versi,baru,bug,cek,resource,macet,kalau,tidak,gitu,hero,bulat,data,unduh,kesini,ml,buruk,saja,kualitas,buruk,data,aplikasi,tidak,faedah,besok,kalau,terbaru,cek,sistem,masalah",-37,negative
65,Bagus dwia Bimanyu,3,2023-10-01T02:14:44.000,"Sebagai player yang sudah lumayan lama saya menemukan masalah baru yang membuat tidak nyaman berkenaan dengan resource data,tolong fix masalah ini singkatnya saat semua resource sudah di download tetapi sebagian hal seperti tampilan Hero,tampilan skil juga efek suara skill bahkan spell,juga slide yang ada di map tidak berada di sana sebagaimana seharusnya,dan itu sangat menggangu, ini sangat merepotkan mencari data data yang hilang dan memasukkannya sendiri satu persatu, ayolah tolong perbaiki!","player,lumayan,temu,nyaman,resource,datatolong,memperbaiki,singkat,resource,unduh,tampil,herotampilan,skil,efek,suara,skill,spelljuga,slide,map,seharusnyadan,menggangu,repot,cari,data,data,hilang,masuk,satu,ayo,tolong,baik",-5,negative
66,Dimas Aris,1,2023-10-11T05:38:00.000,"banyak bug di season 30 iniii,sering muncul mengunduh konten padahal udah di unduh semuanyaaaa,total kapasitas sudah 16 GB an,apalagi yang harus di unduh?,dan gambar heronya bulat,burik ga enak diliat tolong perbaiki,bikin kami gak nyaman bermain,dan gak mau main lagi,mending balikin aja donlod data yang dulu,yang bisa di pause,ga kayak gini,tiap login di suruh donlod data terus,terus stuck disitu ga naik naik","bug,season,iniiisering,muncul,unduh,konten,sudah,unduh,semuanyaaaatotal,kapasitas,gb,anapalagi,unduhdan,gambar,hero,bulatburik,tidak,enak,lihat,tolong,perbaikibikin,gak,nyaman,bermaindan,gak,main,lagimending,balikin,saja,unduh,data,duluyang,pausega,kayak,ginitiap,login,suruh,unduh,data,terusterus,stuck,situ,tidak",-17,negative
67,Rafly Firdaus,2,2023-09-21T16:48:07.000,"Pliss lah muntun, tolong apa kek perkecil memori game nya, untuk player dengan HP RAM 4 juga susah buat main, sudah patah2, lag pulak. Keseluruhan sudah bagus, hanya masalah memori saja. Itu sudah cukup. Kalau memori makin menambah, makin banyak player ML pensiun main game ini.","tolong,muntun,tolong,seperti,kecil,memori,game,player,seluler,ram,susah,main,patah,lag,pulak,bagus,memori,memori,tambah,player,ml,pensiun,main,game",-15,negative
68,Ririnn F,1,2023-09-24T20:22:38.000,"Di aplikasi nya sering nge lag apalagi pas lagi war, tulisannya jaringan buruk jaringan buruk, padahal sinyal hp bagus. Bikin kesel anj. Jangan cuma skin aja yang di upgrade tapi kenyamanan pengguna nya juga. Percuma banyak skin kalo pas main aja sering lag. Terus matchmaking ga seimbang. Gila ini game ngaco, skin doang diperbarui tiap bulan dan otomatis memori nambah tapi permasalahan yang lebih penting ga diperbaiki.","aplikasi,nge,lag,pas,war,tulis,jaringan,buruk,jaringan,buruk,sinyal,seluler,bagus,bikin,kesel,anjing,skin,saja,meningkatkan,nyaman,guna,skin,kalau,pas,main,saja,lag,matchmaking,tidak,imbang,gila,game,kacau,skin,doang,baru,otomatis,memori,nambah,masalah,tidak,baik",-33,negative
69,Tya Ajah,1,2023-10-09T13:47:21.000,"Hallo monton def,saya ada beberapa keluhan nih.yg pertama tolong perbaiki sistem machmacking(terutama pada rekan satu tim)karena beberapa mach saya sering kali menemukan player yang sudah sangat pro dan hebat,sedangkan saya masih pemula.pada sistem jaringan yang kurang baik dan pembawaan game nya yg terasa sangat berat serta device yg jauh di bawah rata rata.","hallo,monton,defsaya,keluh,nihyg,tolong,baik,sistem,machmackingterutama,rekan,timkarena,mach,kali,temu,player,profesional,hebatsedangkan,pemulapada,sistem,jaringan,bawa,game,berat,perangkat",-1,negative
70,Resya Muhammad,2,2023-10-12T08:56:18.000,"Semenjak update UI baru yang ""KATANYA"" lebih baik dan lebih hemat penyimpanan malah jadi penyebab lag parah. Udah beberapa hari dan hampir seminggu main selalu lag, padahal jaringan WIFI baik baik aja, sampai beli kuota nih tapi masih aja lag parah pas di dalam gameplay. Soal penyimpanan emang bener lebih kecil dari sebelumnya tapi tetap aja kadang di tetap di paksa download data tampilan skin di in-game, yang bagi saya pribadi itu ga begitu penting. Perbaiki lagi lah moonton sistem jaringannya.","semenjak,terbaru,ui,hemat,simpan,sebab,lag,parah,sudah,minggu,main,lag,jaringan,wifi,saja,beli,kuota,ini,saja,lag,parah,pas,gameplay,simpan,emang,benar,saja,kadang,paksa,unduh,data,tampil,skin,game,pribadi,tidak,baik,moonton,sistem,jaringan",-33,negative
71,Dr. Christopel Sinaga,4,2023-10-03T21:58:01.000,"Beberapa kekurangan game ini: 1. Banyak pemain nge cheat/bot yg terkesan sengaja dibiarkan agar org2 tertentu menang dan memiliki statistik bagus 2. Jaringan kurang bagus dan tidak fair antar masing2 player. Terkesan ada player yg diberikan akses jaringan lebih baik dari yang lain 3. Statistik terkesan sudah diatur sistem. Ketika anda menang, selanjutnya akan dipersulit pada game berikutnya dengan modus, digabung dengan pemain2 statistik jelek, jaringan dibuat lag, banyak gerakan otomatis.","kurang,game,main,nge,cheatbot,kes,sengaja,biar,orang,menang,milik,statistik,bagus,jaringan,bagus,adil,player,kes,player,akses,jaringan,statistik,kes,atur,sistem,menang,sulit,game,modus,gabung,main,statistik,jelek,jaringan,lag,gera,otomatis",-8,negative
72,Uwais Alqarany,1,2023-10-03T06:41:28.000,"Masalah jaringan tidak nyaman. Sebelum-sebelumnya meski kuning tetap bisa bermain. Sekarang meski hijau, kalau mencapai ping 80 hero nge-freeze, tidak bisa digerakkan. Selanjutnya hanya bisa menonton AI yang memainkan. Menonton itu tidak menyenangkan.","jaringan,nyaman,sebelumsebelumnya,kuning,main,hijau,capai,ping,hero,ngefreeze,gerak,tonton,ai,main,tonton,senang",-6,negative
73,Rangga Syahputra,1,2023-09-27T20:59:38.000,"Ini kenapa ya, setelah update ko malah jadi gajelas yah,kenapa setiap saya ingin bermain rank/classic setiap loading di ingame ny ko malah ngelag yh?? Padahal pake wifi dan keadaan sinyal ny juga bagus,tiba2 keluar ke lobby,tetapi tidak hanya sekali,match ke 2 juga sama ngelag tetapi tidak keluar lobby?? Mohon kepada developer di perbaiki yang sebaik2 ny","iya,terbaru,ko,tidak jelas,yahkenapa,main,rankclassic,loading,game,ny,ko,lelet,yh,pakai,wifi,sinyal,ny,bagustiba,lobbytetapi,sekalimatch,lelet,lobi,mohon,developer,baik,ny",8,positive
74,Noera 174,2,2023-10-11T17:51:26.000,"Matchmaking tidak seimbang!, sering di pertemukan dengan tim bot sementara musuh nya pro, jaringan bagus tapi saat dalam pertandingan jaringan menjadi merah Seperti saat saya sedang bermain awalnya ping saya 20ms tapi tiba tiba ping saya langsung naik menjadi 300ms seperti itu terus.. jaringan tidak stabil !, ping naik turun terus menerus membuat saya kesal!","matchmaking,imbang,temu,tim,robot,musuh,profesional,jaringan,bagus,tanding,jaringan,merah,main,ping,ms,ping,langsung,ms,jaringan,stabil,ping,turun,terus,kesal",-6,negative
75,firman pratama,1,2023-10-07T08:40:52.000,"Teruntuk untuk moonton di mohon perbaikan jaringannya yang tiba"" nge jumping, dan juga perbaiki sistem matchmaking nya agar saat bermain game di temukan dengan musuh yg seimbang masa tim kek bot musuhnya jago, jangan update event mulu tpi sistem ga pernah di update klo gini trus nnti ni game bakal jadi game rating terburuk.. Moga di respon🙏","untuk,moonton,mohon,baik,jaringan,nge,loncat,baik,sistem,matchmaking,main,game,temu,musuh,imbang,tim,seperti,robot,musuh,jago,terbaru,event,melulu,tapi,sistem,tidak,terbaru,kalau,gin,terus,nanti,ini,game,game,rating,buruk,moga,respon",-13,negative
76,dhimas prasetyo,1,2023-10-06T13:12:20.000,"Tadi pakai hero Aamon kenapa sering sekali salah sasaran Serangnyaa bukan hero lawan malahan ke Minion atau monster terus mau pakai skill 3nyaa udah di pencet gak aktif aktif berkali-kali posisi dekat lagi, terus mau mundur pastinya maju dulu baru mundur, kalo jaringan aman warna hijau sampai pertandingan sampai selesai masih aman Sering terjadi dalam permainan. Terima","pakai,hero,aamon,salah,sasar,serangnyaa,hero,lawan,minion,monster,pakai,skill,nyaa,sudah,pencet,gak,aktif,aktif,berkalikali,posisi,mundur,pasti,maju,mundur,kalau,jaringan,aman,warna,hijau,tanding,selesai,aman,main,terima",0,neutral
77,Adryancaa,1,2023-09-19T20:15:42.000,"Dark System ? aku ga tau itu benar adanya atau tidak, tapi yang kurasakan saat dalam permainan, aku sering mengalami kekalahan, karena terlalu sering mendapatkan rekan tim tak berguna, dan selalu mendapatkan musuh yang kompak dalam setiap team fightnya, dan satu lagi, setelah update ini, kenapa banyak sekali bugnya, dimana sebagian besar dari tampilan hero, bak seperti telor, dan itu sangat menyebalkan, sama seperti moonton, yang menyebalkan, dan R*S*S","dark,sistem,tidak,tahu,rasa,main,alami,kalah,rekan,tim,guna,musuh,kompak,team,fightnya,terbaru,bugnya,mana,tampil,hero,bak,telor,sebal,moonton,sebal,rss",-20,negative
78,Aku Zxevan,1,2023-10-04T00:07:16.000,"Setiap main pas di loading main pas baru mulai harus nunggu bisa sampe 5 mnit lebih, terus ada suara ""nging"" padahal hampir grafik semua hampir rata kiri, resource aja pilih 1. Dapet tim diranked bagus diawal 1 match dpt bagus giliran match ke2 smpe setrusnya dpet dark system, dapet tim ngetroll, yang match nya masih puluhan lah. Grafik hampir semua rata kiri kok masih bisa frame, freeze. Ini saya kasih bintang 1 semoga diperbaiki, yang di fix itu sistemnya malah byk event sama update.","main,pas,loading,main,pas,nunggu,sampai,menit,suara,nging,grafik,kiri,resource,saja,pilih,dapat,tim,diranked,bagus,awal,match,dapat,bagus,gilir,match,smpe,setrusnya,dapat,dark,sistem,dapat,tim,ngetroll,match,puluh,grafik,kiri,frame,freeze,kasih,bintang,moga,baik,memperbaiki,sistem,banyak,event,terbaru",-17,negative
79,Naafi N,1,2023-10-05T07:15:57.000,"Setelah update malah jadi jelek banget, bug di mana-mana. Resource skin dan hero sudah didownload 100% tetapi skin dan hero tetap saja tidak dapat dilihat. Dari lobby sampai ingame bentuk hero masih saja bulat biru seperti saya sebelum mendownload resource dalam game. Mohon moonton diperbaiki secepat mungkin bug ini.","terbaru,jelek,banget,bug,manamana,resource,skin,hero,unduh,skin,hero,lobi,game,bentuk,hero,bulat,biru,unduh,resource,game,mohon,moonton,baik,cepat,bug",6,positive
80,cakra dista,1,2023-10-01T14:09:03.000,"Tolong Devoloper kalau di mode Creator Camp, aku kan baru edit edit permainannya dan aku buat untuk umum pas udah mulai dan di pertengahan yang ada gambar gambar Hero musuh dan tim pas itu malah ada lag padahal sinyal bagus gw coba buat kaya gitu lagi 3 kali tetep gak bisa bisa tolong di perbaiki!","tolong,devoloper,mode,creator,camp,edit,edit,main,pas,sudah,tengah,gambar,gambar,hero,musuh,tim,pas,lag,sinyal,bagus,saya,coba,kaya,gitu,kali,tetep,gak,tolong,baik",-7,negative
81,Leffi Alfreddy,1,2023-10-12T23:31:47.000,"Banyak sekali bug sekarang. Kemaren full udah download semua. Tiba"" Hero ga nampak, skin hilang ga nampak, padahal download an full semua kecuali bahasa. Di bagian menu pun gak ada tampilan hero nya. Tolong di perbaiki.","bug,kemarin,penuh,sudah,unduh,hero,tidak,nampak,skin,hilang,tidak,nampak,unduh,an,penuh,kecuali,bahasa,menu,gak,tampil,hero,tolong,baik",-16,negative
82,YUDISTIRA DWI SATRIYA WIBOWO,1,2023-10-03T22:11:46.000,"Gak usah lah bagi bagi data yang didownload, bikin bug aja mulai dari gak bisa lihat demonstrasi skill, beberapa bagian hero jadi bulat, data hilang sendiri padahal gak ngaktifin pembersihan skin, kalo bisa ya kembalikan kalo gak ya dioptimalkan fiturnya biar gak ada bug lagi","gak,data,unduh,bikin,bug,saja,gak,lihat,demonstrasi,skill,hero,bulat,data,hilang,gak,aktif,bersih,skin,kalau,iya,kembali,kalau,gak,iya,optimal,fiturnya,biar,gak,bug",-16,negative
83,Muhamad Rifki,1,2023-09-30T05:41:08.000,"Skrng MLBB jdi gmna sih ? Banyak bug nya... Minimal jangan smpe ngebug di loby kek ini event gk bisa di buka, kalau main heronya jadi bola semua padahal download udh semua,,, performa main juga jadi gk seimbang Mulu,,, jadi gk seru pantes bnyk bngt player yg pensiun,,, yang di perhatikan cuman kolab , new skin , revamp doank... Tolong lah di perbaiki permasalahannya biar enak semuanya moontonnnnn","sekarang,mlbb,jadi,gimana,sih,bug,minimal,smpe,bug,loby,seperti,event,tidak,buka,main,hero,bola,unduh,udh,performa,main,tidak,imbang,melulu,tidak,seru,pantas,banyak,bngt,player,pensiun,perhati,cuman,kolab,new,skin,revamp,doank,tolong,baik,masalah,biar,enak,moontonnnnn",-34,negative
84,adi rizky,1,2023-09-28T20:40:04.000,"Makin lama makin parah lag mulu ketika team fight signal yg semula hijau langsung ngedrop jadi merah, kadang ditengah war langsung ada tulisan menghubungkan ulang padahal sinyal hp dan wifi aman, apakah moonton sudah tidak berfokus pada kenyamanan pemain? dan hanya perduli pada upgrade skin dan hero baru? Padahal masalah utama di game ini adalah performa lag nya yang makin parah dan kalo war rame tampilan jadi patah patah skill dan analog jadi delay dan ujungnya signal drop jadi merah, payah","parah,lag,melulu,team,fight,sinyal,hijau,langsung,ngedrop,merah,kadang,tengah,war,langsung,tulis,hubung,ulang,sinyal,seluler,wifi,aman,moonton,fokus,nyaman,main,duli,meningkatkan,skin,hero,utama,game,performa,lag,parah,kalau,war,ramai,tampil,patah,patah,skill,analog,delay,ujung,sinyal,drop,merah,payah",-12,negative
85,Dedev Devita,3,2023-09-24T01:54:01.000,"Makin kesini, grafik makin di tingkatkan tapi game terlalu berat dan gk bisa semua tipe chipset bisa mainin game nya, apalagi ada yg user RAM 1 jadi makin susah buat login nya, mau nyari yg versi lite pun blm tentu ukuran game bisa lebih kecil, kadang sama aja dan malah terlalu berat buat chipset rendah","kesini,grafik,tingkat,game,berat,tidak,tipe,chipset,mainin,game,konsumen,ram,susah,login,mencari,versi,lite,belum,ukur,game,kadang,saja,berat,chipset,rendah",-8,negative
86,Rokudaime Sama,1,2023-09-19T19:28:37.000,"Untuk MONTOON mohon banget yaa ini kita update malah main nya gak jelas gini 1. Tiba-tiba lag/padahal sebelumnya aman² aja 2. Tiba-tiba keluar dari war/seakan di sengaja kan 3. Bug keseringan terjadi/sampai cape juga liat nya Mohon Maaf Sebelumnya, Sekian Dari Saya..","montoon,mohon,banget,yaa,terbaru,main,gak,gin,tiba,lagpadahal,aman,saja,tiba,warseakan,sengaja,bug,sering,terjadisampai,capek,lihat,mohon,maaf,sekian",4,positive
87,Kipli Coy,1,2023-10-04T22:42:13.000,"Jangan di banyakin event nya doang, benerin dulu sistem jaringan nya, event di gedein benerin jaringan aja kaga bisa, sinyal stabil, di loby stabil, matching stabil, bagian in game busuk, pas war busuk, sinyal 4G+ tapi masih aja lag, org main game mau seneng"" malah jadi stress gara"" game nya,","banyak,event,doang,benerin,sistem,jaringan,event,gedein,benerin,jaringan,saja,tidak,sinyal,stabil,loby,stabil,matching,stabil,masuk,game,busuk,pas,war,busuk,sinyal,g,saja,lag,orang,main,game,neng,stres,gara,game",-13,negative
88,hry krnwn,1,2023-10-02T22:51:38.000,"untuk ml versi terbaru ini sangat tidak menyenangkan, game menjadi terasa berat dan rasa ke-moba an nya menjadi seperti hilang karena adanya gambar Hero di depan, terjadi banyak masalah dimana semua data sudah full download tpi hero tetap telor.","ml,versi,baru,senang,game,berat,kemoba,an,hilang,gambar,hero,mana,data,penuh,unduh,tapi,hero,telor",-2,negative
89,Nafisa Wafiq,1,2023-10-05T02:08:02.000,"Tolong diperbaiki soal rekan tim. Tidak masuk akal jika tiba"" lose streak padahal awalnya selalu menang. Jika hanya karena mempertahankan medal, lebih baik rank itu sendiri dihapuskan atau sebaiknya dikelola dengan baik. Mengingat game ini banyak dimainkan. Tolong kenyamanan player diutamakan dari untung kalian sendiri. Dark system sangat mengecewakan.","tolong,baik,rekan,tim,masuk,akal,kalah,beruntun,menang,tahan,medal,peringkat,hapus,kelola,game,main,tolong,nyaman,player,utama,untung,dark,sistem,kecewa",-12,negative
90,Usman depari,1,2023-09-29T21:23:58.000,"Apps nya makin parah, saya main costum, bisa 1 jam gak masuk pertandingan, dan saat di restart login,/tutup apps dan buka kembali. Secara otomatis login untuk masuk pertandingan tapi bisa stak di loding 20℅ sampai berjam jam. Dan begitu seterusnya. Game makin kacau","aplikasi,parah,main,costum,jam,gak,masuk,tanding,restart,logintutup,aplikasi,buka,otomatis,login,masuk,tanding,stak,memuat,,jam,jam,game,kacau",-4,negative
91,Tok erik,1,2023-09-21T20:42:24.000,Game ini bagus tapi Banya keluhan yg moonton harus tau 1. Terjadi banyak bug yang meresahkan 2. Musuh tidak sesuai dengan tim 3. Terkadang jaringan yang stabil tiba tiba jadi buruk padahal sinyal nya baik 4. Saat pemilihan hero taerkadang banyak lag sehingga tidak bisa memilih hero 5. terkadang macet macet jadi susah gerak dan klo g cepet bisa di kill musuh 6.Setelah di update lag fan bug semakin parah 7.Saat main gambarnya diam g bisa gerak tau2 ny udh selesai dan jadi AFK padahal gd niat AFK,"game,bagus,banyak,keluh,moonton,tahu,bug,resah,musuh,sesuai,tim,terkadang,jaringan,stabil,buruk,sinyal,pilih,hero,taerkadang,lag,pilih,hero,terkadang,macet,macet,susah,gerak,kalau,g,cepat,kill,musuh,terbaru,lag,fan,bug,parah,main,gambar,diam,g,gerak,tahu,ny,udh,selesai,afk,gd,niat,afk",-21,negative
92,Sandra Maulana,1,2023-09-23T05:01:05.000,"Saya kasih bintang satu,kenapa setiap mau main ada kendala ngelag terus padahal jaringan saya sangat bagus,semenjak apk nya d revamp kapasitas nya terlalu berat sehingga saya mau main ngelag parah dan tiba2 keluar sendir ""Tolong ubah lagi seperti dulu Semenjak d update temen2 saya pada gk main game ini lagi karena kapasitas nya yang terlalu berat,dan pas awal mau main suka tiba2 keluar sendiri,ngelag gk jelas padahal jaringan nya sangat bagus,, Saya akan pindah game saja","kasih,bintang,satukenapa,main,kendala,lelet,jaringan,bagussemenjak,aplikasi,di,revamp,kapasitas,berat,main,lelet,parah,sendir,tolong,ubah,semenjak,di,terbaru,teman,tidak,main,game,kapasitas,beratdan,pas,main,suka,sendiringelag,tidak,jaringan,bagus,pindah,game",-7,negative
93,ryanto muhammad,1,2023-09-23T12:55:30.000,"Sistemnya gak jelas masa lostreak gara"" dapat tim tukang ngetroll, terus dapat lawan yang kompak. Harusnya kasih rata lah pembagian pemainnya pas waktu mau match masa harus di sengaja di kasih lostreak, kadang juga dapat bot di tim kayak sudah sepi aja yang main sampe ada bot. Intinya saya kecewa aja sudah main capek"" dapat tim yang selalu buat pelanggaran, kalau sekali-kali sih gak masalah, lah ini sampe 5x berturut"" dapat tim yang feeder..","sistem,gak,lostreak,gara,tim,tukang,ngetroll,lawan,kompak,kasih,bagi,main,pas,match,sengaja,kasih,lostreak,kadang,robot,tim,kayak,sepi,saja,main,sampai,robot,inti,kecewa,saja,main,capek,tim,langgar,sekalikali,sih,gak,sampai,x,tim,feeder",-41,negative
94,Oges Dirgantara,1,2023-10-12T20:20:16.000,"Di season terbaru ini ntah kenapa performa game menurun drastis, dari lag yang tidak jelas(padahal jaringan wifi+jaringan data seluler sangat bagus), bug analog ga kepencet(analog lepas sendiri dari jari pemain), mode lock hero lepas sendiri waktu ngedash, dan pencocokan matchmaking yang tidak jelas membuat game terasa sulit, dan banyak cheater yang menggunakan rw(room wangi), dk(dukun/cheater yang menggunakan map hack), dod(dodge matchmaking).","season,baru,ntah,performa,game,turun,drastis,lag,jelaspadahal,jaringan,wifijaringan,data,seluler,bagus,bug,analog,tidak,kepencetanalog,lepas,jari,main,mode,kunci,hero,lepas,ngedash,cocok,matchmaking,game,sulit,cheater,rwroom,wangi,dkdukuncheater,map,hack,doddodge,matchmaking",-13,negative
95,Ardi Putra,2,2023-10-10T22:50:04.000,"Keluh kesah banget nih hari ini, Pliss lah dari pihak moonton tolong kondisi jaringan di stabilin, jaringan saya buat Instagram, youtube, facebook, dan lain-lain lancar aja kenceng kapasitas jaringannya, cuma kalo udah masuk ke mobile legend turun kapasitas kecepetan jaringannya drastis, dan gua jadi afk keluar dari game, dan 1 lagi kalo nge-macht musuh atau rekan tim yang sesuai lah, masa di tim gua bot, mm kill 0 exp kill 0 musuhnya keenakan gua sebagai user hyper capek.","keluh,kesah,banget,ini,tolong,moonton,tolong,kondisi,jaringan,stabilin,jaringan,instagram,youtube,facebook,lainlain,lancar,saja,kencang,kapasitas,jaringan,kalau,sudah,masuk,seluler,legend,turun,kapasitas,kecepetan,jaringan,drastis,saya,afk,game,kalau,ngemacht,musuh,rekan,tim,sesuai,tim,saya,robot,mm,kill,exp,kill,musuh,enak,saya,konsumen,hyper,capek",-21,negative
96,Gilang Gilang,1,2023-09-27T06:10:55.000,"Aneh padahal penyimpanan masih banyak masa lag sedikit langsung relog, gameplay ku rusak dibuat mooton,kalau aku jago sigapapa,aku tidak jago mooton ini ada apa si ini winrate udah habis-habisan,masa gameplay pun mau dirusak,dapat yang tim yang tidak kompak terus,dapat lawan tidak kira-kira skill nya, kalau kaya gini terus kapan setiap player ada kemajuan performa kalau dibarengin sama tim-tim yang egois,saya bukan pro player,diluar pemikiran saya kalo dapat tim yang itu-itu terus","aneh,simpan,lag,langsung,relog,gameplay,ku,rusak,mootonkalau,jago,sigapapaaku,jago,mooton,si,winrate,sudah,habishabisanmasa,gameplay,dirusakdapat,tim,kompak,terusdapat,lawan,kirakira,skill,kaya,gin,player,maju,performa,dibarengin,timtim,egoissaya,profesional,playerdiluar,pikir,kalau,tim,ituitu",-7,negative
97,Ktek alas,1,2023-10-03T09:08:58.000,"Untuk Moonton tolong perbaiki masalah jaringan karena banyak bug jaringan yang saya alami padahal saya sudah memakai WiFi yang bisa untuk bermain game"" seperti ini, saya sudah mencoba melakukan double koneksi wifi & data tapi tetap saja masih terasa lag, dari memori internal saya masih luas 68gb tetapi game seperti terasa berat dibandingkan S29.","moonton,tolong,baik,jaringan,bug,jaringan,alami,pakai,wifi,main,game,coba,double,koneksi,wifi,data,lag,memori,internal,luas,gb,game,berat,banding,s",-2,negative
98,Umrotull 029,1,2023-09-27T18:10:49.000,"Kenapa ya sekarang kalau update lama banget pdhal sudah pakai wifi sudah pakai data masih saja tidak jalan update nya, itu sangat menganggu bagi saya karena tampilan saat bermain masih bulat jadi tidak nyaman sekali. Mohon untuk dieprbaiki","iya,terbaru,banget,padahal,pakai,wifi,pakai,data,jalan,terbaru,ganggu,tampil,main,bulat,nyaman,mohon,dieprbaiki",0,neutral
99,And ADR,1,2023-10-04T23:39:03.000,"Kenapa lg ini game. Kalian juga tahu sendiri lah,banyaknya masalah matchmaking game ini. Mulai dari tim dongo,gk seimbang,ngetroll,gk bisa main,dll Ditambah lagi update interface yg bikin gamenya makin berat. Jadi sering lag,ping naik turun,ngeframe drop dah jadi makanan sehari-hari. Hp menengah kebawah mulai kelojotan jalanin ini game, walaupun pakai grafis rata kiri. Tiap update selalu utamain skin,event dan gk memperhatikan kenyamanan gameplay dan keluh kesah para playernya. Entahlah... N bg","lagi,game,lahbanyaknya,matchmaking,game,tim,dongogk,seimbangngetrollgk,maindll,tambah,terbaru,interface,bikin,game,berat,lagping,turunngeframe,drop,sudah,makan,seharihari,seluler,tengah,bawah,kelojot,jalanin,game,pakai,grafis,kiri,terbaru,utamain,skinevent,tidak,perhati,nyaman,gameplay,keluh,kesah,playernya,dan,abang",12,positive
