userName,score,at,content,clean_teks,polarity_score,polarity
Restu bsm,1,2023-11-14 23:42:42,Di mohon kepada developer untuk membuat fitur hapus semua simpanan karena menghapus persatu-satu melelahkan sebab terlalu banyak di simpan bahkan video yang terhapus oleh tiktok tidak ikut menghilang itu sangat menyusahkan. Dan tambah fitur untuk mencari video yang pertama kali di simpan untuk di lihat lagi sebab mencari persatu-satu video sangat lama. Terima kasih atas kerjasamanya semoga pengembangan ini terwujud kan secepatnya.,"['', 'mohon', '', 'developer', '', 'buat', 'fitur', 'hapus', 'semua', 'simpan', '', 'hapus', 'persatusatu', 'lelah', '', 'terlalu', 'banyak', '', 'simpan', 'bahkan', 'video', '', 'hapus', '', 'tiktok', '', 'ikut', 'hilang', '', 'sangat', 'susah', '', 'tambah', 'fitur', '', 'cari', 'video', '', 'pertama', 'kali', '', 'simpan', '', '', 'lihat', '', '', 'cari', 'persatusatu', 'video', 'sangat', 'lama', 'terima', 'kasih', 'atas', 'kerjasamanya', 'moga', 'kembang', '', 'wujud', 'kan', 'cepat']",-32,negative
Isi Ref GBHTXZ6QRXYZU dptbonus,5,2023-11-05 12:58:45,"Kumpulan video tiktok sangat nyaman ditonton ya karena mampu memberikan kepuasan bagi setiap pengguna nya,nah utk kamu yang ingin mendapatkan tambahan penghasilan bisa mencoba aplikasi ini, aplikasi nya sangat rekomendasi banget buat para penikmat video pendek.Menurut aku aplikasi ini sudah sangat sempurna banget ya hanya membutuhkan beberapa tambahan menu saja biar semakin mantap seperti 360utc,380utc yang sangat membantu memutar video saat jaringan lagi kurang stabil.","['kumpul', 'video', 'tiktok', 'sangat', 'nyaman', 'tonton', '', '', 'mampu', 'beri', 'puas', '', '', 'guna', 'nyanah', 'untuk', 'kamu', '', '', 'dapat', 'tambah', 'hasil', '', 'coba', 'aplikasi', '', 'aplikasi', 'nya', 'sangat', 'rekomendasi', 'banget', 'buat', '', 'nikmat', 'video', 'pendekmenurut', 'aku', 'aplikasi', '', '', 'sangat', 'sempurna', 'banget', '', '', 'butuh', 'beberapa', 'tambah', 'menu', '', 'biar', 'makin', 'mantap', '', 'utcutc', '', 'sangat', 'bantu', 'putar', 'video', '', 'jaringan', '', 'kurang', 'stabil']",-3,negative
Ingga Asu,5,2023-11-21 16:54:07,"Aplikasi ini sangat bagus ya, mudah digunakan dan memberikan rasa nyaman ketika menonton video, menurut aku aplikasi ini sudah sangat bagus dan nyaris sempurna ya, hanya saja masih membutuhkan beberapa tambahan menu saja biar semakin komplit seperti perlunya 360 utc untuk membantu memutar video saat jaringan lagi kurang stabil ya.","['aplikasi', '', 'sangat', 'bagus', '', 'mudah', 'guna', '', 'beri', 'rasa', 'nyaman', '', 'tonton', 'video', '', 'aku', 'aplikasi', '', '', 'sangat', 'bagus', '', 'nyaris', 'sempurna', '', '', '', '', 'butuh', 'beberapa', 'tambah', 'menu', '', 'biar', 'makin', 'komplit', '', 'perlu', 'utc', '', 'bantu', 'putar', 'video', '', 'jaringan', '', 'kurang', 'stabil', '']",-13,negative
Tau Maloyo,5,2023-11-22 16:37:51,"Aplikasi ini sangat layak dicobain ya, bagus dan memiliki konsistensi dalam hal pemutar video, selain itu pula kita aplikasi ini sangat ringan dan mudah ketika ingin di dowload. Ngga perlu banyak memakan ram ya sehingga ngga butuh waktu lama ketika kita ingin mendownload nya. Pengalaman sy ketika menggunakan aplikasi ini nyaris tanpa bug sama sekali. Berbagai pengalaman bisa kita dapatkan dengan mendownload aplikasi ini ya.","['aplikasi', '', 'sangat', 'layak', 'dicobain', '', 'bagus', '', 'milik', 'konsistensi', '', '', 'putar', 'video', '', '', '', '', 'aplikasi', '', 'sangat', 'ringan', '', 'mudah', '', '', '', 'dowload', 'tidak', 'perlu', 'banyak', 'makan', 'ram', '', '', 'tidak', 'butuh', 'waktu', 'lama', '', '', '', 'unduh', 'nya', 'alam', 'saya', '', 'guna', 'aplikasi', '', 'nyaris', '', 'bug', 'sama', 'sekali', 'bagai', 'alam', '', '', 'dapat', '', 'unduh', 'aplikasi', '', '']",-37,negative
Rizky Maulana,1,2023-11-15 19:27:21,"Ini tiktok kenapa sih semakin di update makin berat aplikasinya,baru masuk ke aplikasi nya lama banget malah nge stuck dilogo?aplikasinya menyebabkan lag,stuck dilogo,force close,kadang suka log out sendiri?tolong diperbaiki!!!!!!!!!!!!!","['', 'tiktok', '', 'sih', 'makin', '', 'terbaru', 'makin', 'berat', 'aplikasinyabaru', 'masuk', '', 'aplikasi', 'nya', 'lama', 'banget', 'bahkan', 'nge', 'stuck', 'dilogoaplikasinya', 'sebab', 'lagstuck', 'dilogoforce', 'closekadang', 'suka', 'log', 'keluar', 'sendiritolong', 'baik']",2,positive
Asu Jangenh,5,2023-11-21 06:46:30,"Aplikasi yang satu ini sangat tertata rapi dan bisa dibilang sangatlah pleksibel dan ditunjang dengan berbagai fitur fitur terbaik dalam hal pemutar video, simpel dan sangat nyaman ketika digunakan menonton video ya, pengalaman saya ketika menggunakan aplikasi ini nyaris tanpa bug dan kendala sama sekali, sekali mencoba aplikasi nya kalian pasti bakal menyukai nya, aplikasi ini sangat bagus dan cocok buat kalian semua nya.","['aplikasi', '', 'satu', '', 'sangat', 'tata', 'rapi', '', '', 'bilang', 'sangat', 'pleksibel', '', 'tunjang', '', 'bagai', 'fitur', 'fitur', 'baik', '', '', 'putar', 'video', 'simpel', '', 'sangat', 'nyaman', '', 'guna', 'tonton', 'video', '', 'alam', '', '', 'guna', 'aplikasi', '', 'nyaris', '', 'bug', '', 'kendala', 'sama', 'sekali', 'sekali', 'coba', 'aplikasi', 'nya', 'kalian', '', 'bakal', 'suka', 'nya', 'aplikasi', '', 'sangat', 'bagus', '', 'cocok', 'buat', 'kalian', 'semua', 'nya']",-8,negative
FAIZ RIZKY,1,2023-11-15 10:07:22,"Dasar aplikasi sampah gimana sih video yang dicari kadang tidak ada video yang di like suka ada yang hilang kadang video audio atau efek ""tidak tersedia"" kadang kalau lihat foto tidak ada gambarnya hanya hitam dan logonya saja videonya sering ngelag dan keterangan ""jaringan anda tidak stabil"" padahal internet bagus juga sering keluar sendiri dari aplikasi sering ngebug juga kalau gini terus ku kasih â­ 1 dah","['dasar', 'aplikasi', 'sampah', 'bagaimana', 'sih', 'video', '', 'cari', 'kadang', '', '', 'video', '', '', 'like', 'suka', '', '', 'hilang', 'kadang', 'video', 'audio', '', 'efek', '', 'sedia', 'kadang', 'kalau', 'lihat', 'foto', '', '', 'gambar', '', 'hitam', '', 'logo', '', 'video', 'sering', 'lelet', '', 'terang', 'jaringan', '', '', 'stabil', 'padahal', 'internet', 'bagus', '', 'sering', 'keluar', 'sendiri', '', 'aplikasi', 'sering', 'bug', '', 'kalau', 'gin', 'terus', 'ku', 'kasih', 'sudah']",3,positive
Nurfa faujiah Upa,3,2023-11-18 21:54:45,"aplikasinya bagus cuman ya banyak bug nya apalagi fitur slide foto yang kadang sering hilang atau tidak bisa digunakan karena langsung slide otomatis jadi mohon untuk di perbaiki SECEPATNYA,karena aing mau buat au udah ngebuat AU nya malah fitur slide foto nya nge slide otomatis gustiii capek,udah liat tutorial di YouTube tiktok dll tapi tetep gak bisa di gunain,jadi mohon ya tok SEGERA DI PERBAIKI untuk bug atau apalah itu SEKIAN TERIMAKSIH","['aplikasi', 'bagus', 'cuman', '', 'banyak', 'bug', 'nya', '', 'fitur', 'slide', 'foto', '', 'kadang', 'sering', 'hilang', '', '', '', 'guna', '', 'langsung', 'slide', 'otomatis', 'jadi', 'mohon', '', '', 'baik', 'secepatnyakarena', 'saya', 'mau', 'buat', 'au', 'sudah', 'ngebuat', 'au', 'nya', 'bahkan', 'fitur', 'slide', 'foto', 'nya', 'nge', 'slide', 'otomatis', 'gustiii', 'capekudah', 'lihat', 'tutorial', '', 'youtube', 'tiktok', '', '', 'tetep', 'gak', '', '', 'gunainjadi', 'mohon', '', 'tok', 'segera', '', 'baik', '', 'bug', '', 'apa', '', 'sekian', 'terimaksih']",25,positive
Iwan Sa,1,2023-11-06 22:14:05,"Banyak bug yang terjadi, mulai dari video yang sering ngeframe sendiri,sering tiba2 keluar aplikasi sendiri,sering komennya pada hilang,gak bisa ngelike, jaringan yang tiba2 ngelag,tapi pas di buka aplikasi lain lancar. Tolong dong tiktok di perbaiki lagi, kami ingin tiktok yang dulu,bukannya di upgrade malah banyak bug.. Terima kasih","['banyak', 'bug', '', 'jadi', 'mulai', '', 'video', '', 'sering', 'ngeframe', 'sendirisering', 'tiba', 'keluar', 'aplikasi', 'sendirisering', 'komennya', '', 'hilanggak', '', 'ngelike', 'jaringan', '', 'tiba', 'ngelagtapi', 'pas', '', 'buka', 'aplikasi', '', 'lancar', '', 'dong', 'tiktok', '', 'baik', '', '', '', 'tiktok', '', 'dulubukannya', '', 'meningkatkan', 'bahkan', 'banyak', 'bug', 'terima', 'kasih']",1,positive
Layerscake_,1,2023-10-28 12:36:49,"Konten video sama diposting dua kali dengan perbedaannya menghilangkan sekian detik bagian depan video. Tetapi hasilnya satu bisa tayang satu dihapus kok bisa gitu? Videonya sama Lo, yg full bisa tayang, yg diedit dihilangkan sebagian dihapus??? Aneh banget, min yg ngecek video lagi ada masalah apa sih????? Bukti screenshot sudah saya kirim via apps","['konten', 'video', 'sama', 'diposting', '', 'kali', '', 'beda', 'hilang', 'sekian', 'detik', 'bagi', 'depan', 'video', '', 'hasil', 'satu', '', 'tayang', 'satu', 'hapus', 'kok', '', 'gitu', 'video', 'sama', 'kamu', 'yang', 'penuh', '', 'tayang', 'yang', 'edit', 'hilang', 'bagi', 'hapus', 'aneh', 'banget', 'min', 'yang', 'cek', 'video', '', '', 'masalah', 'apa', 'sih', 'bukti', 'screenshot', '', '', 'kirim', 'melalui', 'aplikasi']",-23,negative
Saputra Devia,1,2023-10-30 09:42:13,"Maaf, tolong perbaiki bug dari tiktok, yaitu sulit untuk buka aplikasinya, bahkan tidak bisa di pakai, harus di uninstal dulu trus download lagi baru bisa, tapi tetep kalo sudah beberapa hari bugnya terjadi lagi, tlong di perbaiki, demi kebaikan develover sama penguna, agar pihak develover tidak dapat rating rendah, dan pengguna tidak menyesal karna telah menghabiskan kuota internet, untuk download tiktok ini, itu saja terima kasih, + kalo bisa kirim vidio, saya punya buktibukti bugnya","['maaf', '', 'baik', 'bug', '', 'tiktok', '', 'sulit', '', 'buka', 'aplikasi', 'bahkan', '', '', '', 'pakai', '', '', 'copot', 'dulu', 'terus', 'unduh', '', 'baru', '', '', 'tetep', 'kalau', '', 'beberapa', 'hari', 'bugnya', 'jadi', '', 'tolong', '', 'baik', '', 'baik', 'develover', 'sama', 'konsumen', '', 'pihak', 'develover', '', '', 'rating', 'rendah', '', 'guna', '', 'sesal', 'karena', '', 'habis', 'kuota', 'internet', '', 'unduh', 'tiktok', '', '', '', 'terima', 'kasih', 'kalau', '', 'kirim', 'vidio', '', 'punya', 'buktibukti', 'bugnya']",-10,negative
Jannatun Ni'mah,2,2023-09-20 20:36:04,"Dear tiktok, saya sebagai pengguna tiktok sangat terbantu dalam memahami dunia konten digital yang sedang tren dan hangat diperbincangkan, namun untuk kualitas dari performa aplikasinya kadang tidak sesuai dengan yang diharapkan,padahal sudah diupdate 1 minggu lalu tetapi ketika masuk livestreaming orang sering ngebug dan terkeluar sendiri dari aplikasinya. Saya harap untuk bisa dioptimalkan lagi kedepannya. Terimakasih.","['terhormat', 'tiktok', '', '', 'guna', 'tiktok', 'sangat', 'bantu', '', 'paham', 'dunia', 'konten', 'digital', '', 'sedang', 'trend', '', 'hangat', 'bincang', '', '', 'kualitas', '', 'performa', 'aplikasi', 'kadang', '', 'sesuai', '', '', 'diharapkanpadahal', '', 'terbaru', 'minggu', 'lalu', '', '', 'masuk', 'livestreaming', 'orang', 'sering', 'bug', '', 'keluar', 'sendiri', '', 'aplikasi', '', 'harap', '', '', 'optimal', '', 'depan', 'terima kasih']",11,positive
Aji Sepuh,1,2023-09-25 11:57:01,"Setelah update beberapa waktu yang lalu, TikTok semakin berat untuk di jalankan. Hp saya RAM tersisan 3.6gb, belum juga masuk ke aplikasi TikTok, TikTok ini sudah menggunakan 3gb lebih RAM saya. Itupun aplikasinya belum terbuka/bisa saya gunakan. Jadi tolong diperbaiki, sekiranya ada sesuatu yang tidak perlu/tidak penting"" banget ada di TikTok, sebiaknya dihilangkan saja.","['', 'terbaru', 'beberapa', 'waktu', '', 'lalu', 'tiktok', 'makin', 'berat', '', '', 'jalan', 'seluler', '', 'ram', 'sis', 'gb', '', '', 'masuk', '', 'aplikasi', 'tiktok', 'tiktok', '', '', 'guna', 'gb', 'lebih', 'ram', '', 'itu', 'aplikasi', '', 'terbukabisa', '', 'guna', 'jadi', '', 'baik', 'sekira', '', '', '', '', 'perlutidak', 'penting', 'banget', '', '', 'tiktok', 'biak', 'hilang', '']",-2,negative
Aku Cantikkan,1,2023-11-11 19:21:47,Ketika melihat postingan orang lain foto sering hitam (foto tidak terlihat hanya gambar hitam saja dengan lambang tiktok)... Aplikasi kadang keluar sendiri.. banyak bug.. konten-konten banyak yang tidak bermanfaat..,"['', 'lihat', 'postingan', 'orang', '', 'foto', 'sering', 'hitam', 'foto', '', 'lihat', '', 'gambar', 'hitam', '', '', 'lambang', 'tiktok', 'aplikasi', 'kadang', 'keluar', 'sendiri', 'banyak', 'bug', 'kontenkonten', 'banyak', '', '', 'manfaat']",1,positive
Irma Wiji astuti,3,2023-09-24 22:53:57,"TOLONG DI PERBAIKI DAN D PERHATIKAN . Akhir2 ini tiktok sering update. Juga kadang error .g bisa kebuka lah. Cuma muncul logo kadang tidak menanggapi hal tersebut mempengaruhi aplikasi lain jadi ngeleg. Ngebug. Patah2 lelet ,sudah banyak yg mengeluh jadi mohon buat management tiktok tolong di tindak lanjuti","['', '', 'baik', '', 'di', 'perhati', 'akhir', '', 'tiktok', 'sering', 'terbaru', '', 'kadang', 'error', 'g', '', 'buka', 'lah', 'cuma', 'muncul', 'logo', 'kadang', '', 'tanggap', '', 'sebut', 'pengaruh', 'aplikasi', '', 'jadi', 'lelet', 'bug', 'patah', 'lambat', '', 'banyak', 'yang', 'keluh', 'jadi', 'mohon', 'buat', 'management', 'tiktok', '', '', 'tindak', 'lanjut']",-7,negative
Jefry Agustinus Alexander,1,2023-10-29 00:13:20,"fitur unggah Stories sering hilang. Muncul hanya ketika memulai kembali dari awal, seperti misalnya hapus cache dan memory, juga setelah meng-instal ulang aplikasi. Tolong perbaiki fitur storie yang sering tidak dapat digunakan tersebut demi kenyamanan pengguna dan variasi pengunggahan konten","['fitur', 'unggah', 'stories', 'sering', 'hilang', 'muncul', '', '', 'mulai', '', '', 'awal', '', 'misal', 'hapus', 'cache', '', 'memory', '', '', 'menginstal', 'ulang', 'aplikasi', '', 'baik', 'fitur', 'storie', '', 'sering', '', '', 'guna', 'sebut', '', 'nyaman', 'guna', '', 'variasi', 'unggah', 'konten']",5,positive
Kayan P,1,2023-11-22 18:24:25,"Bintang satu sj Tiktok kok jd begini,macet-macetan,kadang TDK ada gambar,pindah aplikasi malah suara Tiktok yg muncul,bikin jengkel Tiktok sekarang teramat sangat mengecewakan.,tak kira hp yg rusak ternyata tiktoknya yg bermasalah.","['bintang', 'satu', 'saja', 'tiktok', 'kok', 'jadi', 'beginimacetmacetankadang', 'tidak', '', 'gambarpindah', 'aplikasi', 'bahkan', 'suara', 'tiktok', 'yang', 'munculbikin', 'jengkel', 'tiktok', 'sekarang', 'amat', 'sangat', 'mengecewakantak', 'kira', 'seluler', 'yang', 'rusak', 'nyata', 'tiktoknya', 'yang', 'masalah']",-30,negative
yuni astika,1,2023-10-29 03:30:46,"Tiktok skrng , smakin di upgrade smakin menurun kualitas aplikasi nya . Sring nge bug , aplagi pas di awal buka aplikasi ! Sngt memakan waktu utk mengklik opsi apapun di dlm nya. Pdhal ram masih banyak . Kdng kalau mau buka Tiktok, cuma stuck di logo nya aja , yg mengharuskan uninstall trus di download lagi . Tolong dibantu kualitas aplikasi nya , supaya pengguna nyaman . Terimakasih","['tiktok', 'sekarang', 'semakin', '', 'meningkatkan', 'semakin', 'turun', 'kualitas', 'aplikasi', 'nya', 'sring', 'nge', 'bug', 'aplagi', 'pas', '', 'awal', 'buka', 'aplikasi', 'sangat', 'makan', 'waktu', 'untuk', 'klik', 'opsi', 'apa', '', 'dlm', 'nya', 'padahal', 'ram', '', 'banyak', 'kdng', 'kalau', 'mau', 'buka', 'tiktok', 'cuma', 'stuck', '', 'logo', 'nya', 'saja', 'yang', 'harus', 'copot', 'terus', '', 'unduh', '', '', 'bantu', 'kualitas', 'aplikasi', 'nya', '', 'guna', 'nyaman', 'terima kasih']",-10,negative
Rika,3,2023-10-11 05:05:44,"Tiktok sekarang terasa beda banget sama yang dulu,kenapa jadi beda?,karna sering terjadi bug dan ngedownload nya lama banget,kadang pas udah mau selesai main tiktok pasti ngeleg kalo mau keluar dari aplikasinya. Jadi mohon diperbaiki,sekian terimakasihğŸ˜ğŸ™","['tiktok', 'sekarang', 'asa', 'beda', 'banget', 'sama', '', 'dulukenapa', 'jadi', 'bedakarna', 'sering', 'jadi', 'bug', '', 'ngedownload', 'nya', 'lama', 'bangetkadang', 'pas', 'sudah', 'mau', 'selesai', 'main', 'tiktok', '', 'lelet', 'kalau', 'mau', 'keluar', '', 'aplikasi', 'jadi', 'mohon', 'diperbaikisekian', 'terima kasih']",9,positive
Firman Moulana,1,2023-10-10 10:46:39,"Setelah beberapa update,aplikasi ini sangat berat untuk hp yg speknya di bawah rata2,sama sekali tidak merakyat,stiap kali buka slalu penuh dengan bug,dan salalu kluar sendiri,padahal jaringan kuat,tolong segera di perbaiki.jngan sampe performanya menurun karna banyak keluhan2 dari pengguna aplikasi ini..","['', 'beberapa', 'updateaplikasi', '', 'sangat', 'berat', '', 'seluler', 'yang', 'speknya', '', 'bawah', 'ratasama', 'sekali', '', 'merakyatstiap', 'kali', 'buka', 'selalu', 'penuh', '', 'bugdan', 'salalu', 'keluar', 'sendiripadahal', 'jaringan', 'kuattolong', 'segera', '', 'perbaikijngan', 'sampai', 'performa', 'turun', 'karena', 'banyak', 'keluh', '', 'guna', 'aplikasi', '']",-22,negative
shiiva amely,3,2023-11-06 16:22:05,"tiktok sekarang suka bug di aku, video hilang lah (hitam/ ga keputar) keluar sendiri dari app, kadang juga sering loading lama padahal signal bagus. semoga kedepannya lebih nyaman lagi buat di gunain yaa.. soalnya hiburan buat aku yang sering kugunain cuma tiktok:((","['tiktok', 'sekarang', 'suka', 'bug', '', 'aku', 'video', 'hilang', 'lah', 'hitam', 'tidak', 'putar', 'keluar', 'sendiri', '', 'app', 'kadang', '', 'sering', 'loading', 'lama', 'padahal', 'sinyal', 'bagus', 'moga', 'depan', 'lebih', 'nyaman', '', 'buat', '', 'gunain', 'yaa', 'soal', 'hibur', 'buat', 'aku', '', 'sering', 'kugunain', 'cuma', 'tiktok']",-5,negative
Rere Aja,1,2023-09-08 21:14:53,"Tolong tingkatkan lagi kapasitasnya, setelah saya update bukannya makin bagus dan makin enak di gunakan malah makin ngelag, membuat HP cepat panas, boros batre, dan terlebih lagi gak bisa di buka tiktok nya. Setelah membuka tiktok ngelag nya sampai ke aplikasi lain juga, seperti mengandung virus","['', 'tingkat', '', 'kapasitas', '', '', 'terbaru', 'bukan', 'makin', 'bagus', '', 'makin', 'enak', '', 'guna', 'bahkan', 'makin', 'lelet', 'buat', 'seluler', 'cepat', 'panas', 'boros', 'baterai', '', 'lebih', '', 'gak', '', '', 'buka', 'tiktok', 'nya', '', 'buka', 'tiktok', 'lelet', 'nya', '', '', 'aplikasi', '', '', '', 'kandung', 'virus']",2,positive
09.Fransiska Marsya Ardiani_7E,3,2023-09-22 15:24:30,"Sebenernya apk nya bagus, banyak hal positif yang bisa aku tiru dan hal baru yg bisa aku coba tapi menurutku apk nya rumayan berat. Saat aku scrool tiktok kadang terjadi bug apalagi saat aku ingin post foto/video ngelag parah si. Mungkin untuk developer bisa diperbaiki lagi. Terimakasih ğŸ™ğŸ»ğŸ™ğŸ»","['sebenarnya', 'aplikasi', 'nya', 'bagus', 'banyak', '', 'positif', '', '', 'aku', 'tiru', '', '', 'baru', 'yang', '', 'aku', 'coba', '', 'turut', 'aplikasi', 'nya', 'rumayan', 'berat', '', 'aku', 'scrool', 'tiktok', 'kadang', 'jadi', 'bug', '', '', 'aku', '', 'surat', 'fotovideo', 'lelet', 'parah', 'si', 'mungkin', '', 'developer', '', 'baik', '', 'terima kasih']",-2,negative
Mayza Gie,1,2023-11-19 14:23:57,"Fitur ""search"" di filter hilang, mode foto juga hilang, terus beberapa filter ga bisa dipake. Pokoknya banyak jeleknya setelah di-update, seharusnya makin bagus ini malah makin down","['fitur', 'search', '', 'filter', 'hilang', 'mode', 'foto', '', 'hilang', 'terus', 'beberapa', 'filter', 'tidak', '', 'dipake', 'pokok', 'banyak', 'jelek', '', 'terbaru', '', 'makin', 'bagus', '', 'bahkan', 'makin', 'bawah']",-3,negative
Saikhatul Kanafah,1,2023-11-12 13:09:12,Setelah di upgrade kenapa kalo mau di buka sering lama munculnya terus kalo mau scroll ke bawahÂ²nya lagi suka susah tibaÂ² lag sering keluar sendiri aplikasinya padahal ram masii banyakk lebih enak di pakai yg dulu. Tolong dong di perbaiki aplikasinya di upgrade bukanya semakin baik semakin meningkat tapi malah semakin menurun ini ğŸ™ğŸ»,"['', '', 'meningkatkan', '', 'kalau', 'mau', '', 'buka', 'sering', 'lama', 'muncul', 'terus', 'kalau', 'mau', 'scroll', '', 'bawah nya', '', 'suka', 'susah', 'tiba', 'lag', 'sering', 'keluar', 'sendiri', 'aplikasi', 'padahal', 'ram', 'masii', 'banyakk', 'lebih', 'enak', '', 'pakai', 'yang', 'dulu', '', 'dong', '', 'baik', 'aplikasi', '', 'meningkatkan', 'buka', 'makin', 'baik', 'makin', 'tingkat', '', 'bahkan', 'makin', 'turun', '']",-3,negative
Siti Nuralfiah,1,2023-11-19 16:10:11,"plis lah ya tok tok tiktok, ni aku udah hapus tiktok terus download lagi tujuannya biar ga lag terus, ehh tetep aja lag, perbaikin dong, kalo mau rating bagus baca komentar dong, tujuan diadain komentar tu buat koreksi kalo ada apaÂ², minimal tu dibaca, banyak banget yang ngeluh kalo tiktok lag tapi masi ga digubris, RAM masi banyak, aplikasi lain padahal ga lagÂ² gini kaya tiktok, berarti ini problem dari sananya, tolong diperbaiki dong jangan cuma diem aja.","['tolong', 'lah', '', 'tok', 'tok', 'tiktok', 'ini', 'aku', 'sudah', 'hapus', 'tiktok', 'terus', 'unduh', '', 'tuju', 'biar', 'tidak', 'lag', 'terus', 'ehh', 'tetep', 'saja', 'lag', 'perbaikin', 'dong', 'kalau', 'mau', 'rating', 'bagus', 'baca', 'komentar', 'dong', 'tuju', 'diadain', 'komentar', 'tu', 'buat', 'koreksi', 'kalau', '', 'apa', 'minimal', 'tu', 'baca', 'banyak', 'banget', '', 'mengeluh', 'kalau', 'tiktok', 'lag', '', 'mas', 'tidak', 'gubris', 'ram', 'mas', 'banyak', 'aplikasi', '', 'padahal', 'tidak', 'lag', 'gin', 'kaya', 'tiktok', 'arti', '', 'masalah', '', 'sana', '', 'baik', 'dong', 'jangan', 'cuma', 'diem', 'saja']",-39,negative
Thania putri Izzati,4,2023-11-21 22:46:47,"karena setiap habis di update pasti ga bisa di buka tiktok nya kalo di aku harus tinggu 1 hari baru bisa di buka kalo habis update, jadi mohon kalo habis di update bisa langsung masuk ga perlu nunggu' lagi, kadang' kalo tidak bisa aku harus menghapus tiktok nya kan sayang jadi ya usahakan bisa kalo sudah di update langsung masuk ke tiktok nya. sekian terimakasii dari saya semoga bermanfaat ğŸ™†ğŸ»â€â™€ï¸","['', '', 'habis', '', 'terbaru', '', 'tidak', '', '', 'buka', 'tiktok', 'nya', 'kalau', '', 'aku', '', 'tinggu', 'hari', 'baru', '', '', 'buka', 'kalau', 'habis', 'terbaru', 'jadi', 'mohon', 'kalau', 'habis', '', 'terbaru', '', 'langsung', 'masuk', 'tidak', 'perlu', 'nunggu', '', 'kadang', 'kalau', '', '', 'aku', '', 'hapus', 'tiktok', 'nya', 'kan', 'sayang', 'jadi', '', 'usaha', '', 'kalau', '', '', 'terbaru', 'langsung', 'masuk', '', 'tiktok', 'nya', 'sekian', 'terimakasii', '', '', 'moga', 'manfaat']",13,positive
Irena Viranza,2,2023-10-08 19:38:38,"gajelas,kalo mau buka apl nya suka susah ngebug Mulu,udh gtu fitur repost kadang"" muncul,kadang"" ilang. pokoknya tik tok dri pertengahan bulan September sampe akhir"" ini ngebug Mulu, jdi pengen uninstall aja bawaan nya!!! udh gtu kalo belum update gabisa buka apl !!!ğŸ˜¡ğŸ˜¡ğŸ˜¡ğŸ˜¡","['gajelaskalo', 'mau', 'buka', 'aplikasi', 'nya', 'suka', 'susah', 'bug', 'muluudh', 'gtu', 'fitur', 'repost', 'kadang', 'munculkadang', 'hilang', 'pokok', 'tik', 'tok', 'dari', 'tengah', 'bulan', 'september', 'sampai', 'akhir', '', 'bug', 'melulu', 'jadi', 'ken', 'copot', 'saja', 'bawa', 'nya', 'udh', 'gtu', 'kalau', '', 'terbaru', 'tidak bisa', 'buka', 'aplikasi']",-15,negative
Fendi Arjuna Rifaldo,1,2023-10-08 12:29:04,"Saya kecewa sama ini aplikasi. Setiap posting vidio ke tik tok pasti blur/buruk, padahal vidio aslinya sudah sangat stabil/HD, tapi kenapa setiap di post ke tik tok jadi blur/buruk. Tolong kerjasamanya di perbaiki terimakasihğŸ™","['', 'kecewa', 'sama', '', 'aplikasi', '', 'posting', 'vidio', '', 'tik', 'tok', '', 'blurburuk', 'padahal', 'vidio', 'asli', '', 'sangat', 'stabilhd', '', '', '', '', 'surat', '', 'tik', 'tok', 'jadi', 'blurburuk', '', 'kerjasamanya', '', 'baik', 'terima kasih']",5,positive
Fans_ EDDSWORLD,4,2023-11-05 09:35:56,"Tiktok sekarang mengalami banyak bug seperti, video yang diputar sangat lambat dan tidak sesuai dengan suara videonya, membuat penonton tidak nyaman, terkadang aplikasi tidak dapt dibuka, tolong perbaiki bug ini!!","['tiktok', 'sekarang', 'alami', 'banyak', 'bug', '', 'video', '', 'putar', 'sangat', 'lambat', '', '', 'sesuai', '', 'suara', 'video', 'buat', 'tonton', '', 'nyaman', 'terkadang', 'aplikasi', '', 'dapt', 'buka', '', 'baik', 'bug', '']",2,positive
Ayra Putri,1,2023-11-20 05:17:38,"TikTok kenapa sih? Pas upload video suka nge-lag di angka 60%, dan itu sampe kapan pun enggak akan ter-upload. Udah gitu enggak bisa dibatalin lagi. Kalau nyoba upload lagi sampe berapa kali pun, yang ada ikut nge-lag juga dan keliatannya jadi bertumpuk kayak kartu. Matiin data pun enggak akan langsung gagalin upload-an itu, mesti nunggu agak lama. Aku udah berkali-kali ngalamin hal ini. Mohon untuk segera diperbaiki, ya. Kami para pengguna juga modal kuota, jadi tolong berikan kenyamanan.","['tiktok', '', 'sih', 'pas', 'upload', 'video', 'suka', 'lelet', '', 'angka', '', '', 'sampai', 'kapan', '', 'tidak', '', 'terupload', 'sudah', 'gitu', 'tidak', '', 'dibatalin', '', 'kalau', 'coba', 'upload', '', 'sampai', 'berapa', 'kali', '', '', '', 'ikut', 'lelet', '', '', 'lihat', 'jadi', 'tumpuk', 'kayak', 'kartu', 'mati', 'data', '', 'tidak', '', 'langsung', 'gagalin', 'uploadan', '', 'mesti', 'nunggu', '', 'lama', 'aku', 'sudah', 'berkalikali', 'mengalami', '', '', 'mohon', '', 'segera', 'baik', '', '', '', 'guna', '', 'modal', 'kuota', 'jadi', '', 'ikan', 'nyaman']",-23,negative
keisha nuri,1,2023-09-22 14:34:49,"Tak kira tiktok'ku sendiri yang sering error' ternyata temenÂ² jg banyak yang ngalamin, tiktok gak bisa disa , cuma terlihat logo tiktok saja, sudah di update tapi tetap saja sama, harus di download ulang, dan sudah berkaliÂ² terjadi,,tolong di perhatikan dan di perbaiki sistemnya, sebagai konten kreator hal ini membuat sangat tidak nyaman ğŸ™","['tidak', 'kira', 'tiktokku', 'sendiri', '', 'sering', 'error', 'nyata', 'teman', 'juga', 'banyak', '', 'mengalami', 'tiktok', 'gak', '', 'disa', 'cuma', 'lihat', 'logo', 'tiktok', '', '', '', 'terbaru', '', 'tetap', '', 'sama', '', '', 'unduh', 'ulang', '', '', 'kali', 'terjaditolong', '', 'perhati', '', '', 'baik', 'sistem', '', 'konten', 'kreator', '', '', 'buat', 'sangat', '', 'nyaman']",3,positive
Febrian Maulan,1,2023-11-01 15:42:54,"Tik tok skrg sering bgt bug jika dibuka yang menyebabkan hp sy jadi restart sendiri, pdhl kapasitas ram masih banyak, sehingga sy harus uninstall tik tok dan download ulang lgi. Tolong ya, ini menganggu sekali bagi pengguna. Bukannya malah baik setelah di upgrade tapi malah bikin jengkel. Mohon diperbaiki","['tik', 'tok', 'sekarang', 'sering', 'banget', 'bug', '', 'buka', '', 'sebab', 'seluler', 'saya', 'jadi', 'restart', 'sendiri', 'padahal', 'kapasitas', 'ram', '', 'banyak', '', 'saya', '', 'copot', 'tik', 'tok', '', 'unduh', 'ulang', 'lagi', '', '', '', 'ganggu', 'sekali', '', 'guna', 'bukan', 'bahkan', 'baik', '', '', 'meningkatkan', '', 'bahkan', 'bikin', 'jengkel', 'mohon', 'baik']",-15,negative
navila belle,2,2023-10-19 07:13:14,"subtitle terjemah di tiktok sekarang ilang, dan harus di aktifkan secara manual, honestly, para pengguna tiktok lebih suka tiktok yang subtitle terjemah-nya seperti dulu, jangan yang seperti sekarang, yang harus di aktifkan secara manual, walaupun itu simple cara aktifkan-nya, tapi itu ribet. please tiktok, jangan terlalu banyak update, kalau mau sekaligus saja, dari pada sedikit sedikit, malah kayak ribet banget.","['subtitle', 'terjemah', '', 'tiktok', 'sekarang', 'hilang', '', '', '', 'aktif', '', 'manual', 'honestly', '', 'guna', 'tiktok', 'lebih', 'suka', 'tiktok', '', 'subtitle', 'terjemah', '', 'dulu', 'jangan', '', '', 'sekarang', '', '', '', 'aktif', '', 'manual', 'walaupun', '', 'sederhana', 'cara', 'aktif', '', '', 'ribet', 'tolong', 'tiktok', 'jangan', 'terlalu', 'banyak', 'terbaru', 'kalau', 'mau', 'sekaligus', '', '', '', 'sedikit', 'sedikit', 'bahkan', 'kayak', 'ribet', 'banget']",-25,negative
S.I Kolondam,1,2023-09-23 07:50:12,"Saya pengguna apk ini dari thn 2018. Abis upgrade, setelah buka apk tiktok hp jadi lemot, padahal hp RAM 6GB. Buka tiktok saja sampe 5,4 GB. Terus membuat apk yg lain jadi lemot juga. Hp nge-freeze sampe berjam2. Kirain hp-nya yg rusak ternyata aplikasinya yg makan ram sampe segitu parahnya ğŸ˜–","['', 'guna', 'aplikasi', '', '', 'tahun', 'habis', 'meningkatkan', '', 'buka', 'aplikasi', 'tiktok', 'seluler', 'jadi', 'lot', 'padahal', 'seluler', 'ram', 'gb', 'buka', 'tiktok', '', 'sampai', 'gb', 'terus', 'buat', 'aplikasi', 'yang', '', 'jadi', 'lot', '', 'seluler', 'ngefreeze', 'sampai', 'jam', 'kira', 'hpnya', 'yang', 'rusak', 'nyata', 'aplikasi', 'yang', 'makan', 'ram', 'sampai', 'segitu', 'parah']",-54,negative
Diah Yuliani,5,2023-11-21 18:07:22,"Tik tok sangat bagus dan menarik dan sangat mudah jika kita mau mencari berita,kejadian dan tempat2 wisata yang bagus..pertahankan yaa.. Kalau bisa dibuka lagi yaa TikTok shop nya agar lebih mudah untuk beli barang2 ...makasih","['tik', 'tok', 'sangat', 'bagus', '', 'tarik', '', 'sangat', 'mudah', '', '', 'mau', 'cari', 'beritakejadian', '', 'tempat', 'wisata', '', 'baguspertahankan', 'yaa', 'kalau', '', 'buka', '', 'yaa', 'tiktok', 'shop', 'nya', '', 'lebih', 'mudah', '', 'beli', 'barang', 'terima kasih']",4,positive
Bambang Yunianto,1,2023-10-15 07:12:21,"Saya kira hp saya yang sudah usang tp ternyata banyak ulasan temanÂ² mengalami hal yang sama, tibaÂ² ngelag yang tadi nya ram nya sisa 2 gb an ketika buka tiktok langsung habis dan hp nge freeze. Terlalu banyak makan ram. Saya ketika ingin buka tiktok ngebela2in utk uninstall dlu baru download lg. Biar gak stuck di logo tiktok. Hmmm Tiktok ini sudah mendunia, jadi fikirkan lah baik2 apa saja yang ingin di upgrade. Jangan malah menjadi aplikasi yang berat yang tidak ramah di berbagai ponsel.","['', 'kira', 'seluler', '', '', '', 'usang', 'tapi', 'nyata', 'banyak', 'ulas', 'teman', 'alami', '', '', 'sama', 'tiba', 'lelet', '', 'tadi', 'nya', 'ram', 'nya', 'sisa', 'gb', 'an', '', 'buka', 'tiktok', 'langsung', 'habis', '', 'seluler', 'nge', 'freeze', 'terlalu', 'banyak', 'makan', 'ram', '', '', '', 'buka', 'tiktok', 'ngebelain', 'untuk', 'copot', 'dulu', 'baru', 'unduh', 'lagi', 'biar', 'gak', 'stuck', '', 'logo', 'tiktok', 'hmmm', 'tiktok', '', '', 'dunia', 'jadi', 'fikirkan', 'lah', 'baik', 'apa', '', '', '', '', 'meningkatkan', 'jangan', 'bahkan', 'jadi', 'aplikasi', '', 'berat', '', '', 'ramah', '', 'bagai', 'ponsel']",-21,negative
Zahra Cattleya Sahroni,1,2023-10-31 14:31:25,"Kenapa setelah di update malah gak bisa di buka tiktok nya? Cuman logo nya doang yang muncul. Terus pasti hp langsung lag klo udh kyk gitu. Cape banget harus hapus download hapus download terus setiap mau nonton tiktok. Padahal memo masih cukup, ram nya juga masih ok, tapi selalu aja gini. ğŸ˜”","['', '', '', 'terbaru', 'bahkan', 'gak', '', '', 'buka', 'tiktok', 'nya', 'cuman', 'logo', 'nya', 'doang', '', 'muncul', 'terus', '', 'seluler', 'langsung', 'lag', 'kalau', 'udh', 'seperti', 'gitu', 'capek', 'banget', '', 'hapus', 'unduh', 'hapus', 'unduh', 'terus', '', 'mau', 'nonton', 'tiktok', 'padahal', 'memo', '', 'cukup', 'ram', 'nya', '', '', '', '', 'selalu', 'saja', 'gin']",-7,negative
Semoga Berkah,1,2023-10-26 01:04:36,Gak ada otomatis jeda saat vidio berulang berkali-kali. Itu bisa terjadi karena ketiduran atau lupa mematikan smart phone.... mohon ditambah fitur stop vidio dan mati layar otomatis saat gak ada pergerakan vidio / penggunaan aplikasi.,"['gak', '', 'otomatis', 'jeda', '', 'vidio', 'ulang', 'berkalikali', '', '', 'jadi', '', 'tidur', '', 'lupa', 'mati', 'pintar', 'seluler', 'mohon', 'tambah', 'fitur', 'stop', 'vidio', '', 'mati', 'layar', 'otomatis', '', 'gak', '', 'gera', 'vidio', 'guna', 'aplikasi']",1,positive
Ofiy,1,2023-09-22 16:37:04,"Kenapa tiktok sering nge update dirinya terus. Kayak, kemarin udh update sekarang update lagi. Mana susah di buka. Cuma gambar logo terus dari tadi. Kadang juga nge lag trs. Jaringan sinyal wifi sama seluler lancar padahal. Mohon untuk di perbaiki","['', 'tiktok', 'sering', 'nge', 'terbaru', 'diri', 'terus', 'kayak', 'kemarin', 'udh', 'terbaru', 'sekarang', 'terbaru', '', 'mana', 'susah', '', 'buka', 'cuma', 'gambar', 'logo', 'terus', '', 'tadi', 'kadang', '', 'nge', 'lag', 'terus', 'jaringan', 'sinyal', 'wifi', 'sama', 'seluler', 'lancar', 'padahal', 'mohon', '', '', 'baik']",13,positive
Meylaniputri0605 _,1,2023-11-04 07:28:19,"Di upgrade makin jelek aja , flash buat foto ga sebagus dulu ,buat foto malam buriq banget flash selfienya ,tolong tik tok flash nya buat seperti biasanya yang terang benderang seperti itu. Saya jadi gabisa foto di tempat yang kurang bercahaya tempatnya , TOLONG TOLONG TOLONG BANGET TIK TOK","['', 'meningkatkan', 'makin', 'jelek', 'saja', 'flash', 'buat', 'foto', 'tidak', 'bagus', 'dulu', 'buat', 'foto', 'malam', 'burik', 'banget', 'flash', 'selfienya', '', 'tik', 'tok', 'flash', 'nya', 'buat', '', 'biasa', '', 'terang', 'benderang', '', '', '', 'jadi', 'tidak bisa', 'foto', '', 'tempat', '', 'kurang', 'cahaya', 'tempat', '', '', '', 'banget', 'tik', 'tok']",-18,negative
Panyu Badai,2,2023-09-26 03:38:16,Tolong sediakan fitur Dark Mode untuk semua merk HP yang menggunakan sistem Android (paling nggak dari Android 10) baik dari HP yang Entry Level sampai High End. Karena saya sangat kecewa dengan pihak TikTok yang tidak menyediakan fitur Dark Mode yang begitu simple dan berguna bagi pengguna TikTok ketika sedang menggunakan aplikasi di tempat yang gelap tanpa cahaya.,"['', 'sedia', 'fitur', 'dark', 'mode', '', 'semua', 'merk', 'seluler', '', 'guna', 'sistem', 'seluler', 'paling', '', '', 'seluler', 'baik', '', 'seluler', '', 'entry', 'level', '', 'high', 'end', '', '', 'sangat', 'kecewa', '', 'pihak', 'tiktok', '', '', 'sedia', 'fitur', 'dark', 'mode', '', '', 'sederhana', '', 'guna', '', 'guna', 'tiktok', '', 'sedang', 'guna', 'aplikasi', '', 'tempat', '', 'gelap', '', 'cahaya']",-15,negative
Wahyu Saputra,3,2023-11-02 11:31:53,"Hello kenapa setelah updet malah susah tiktoknya,contohnya tampilan musik untuk di tambahkan di vidio sekarang ga bisa di sesuai in sama lihat vidionya,trus musik di favorit tidak muncul,tolong lah kebalika seperti 3.7.2. aja karena lebih gampang","['hello', '', '', 'updet', 'bahkan', 'susah', 'tiktoknyacontohnya', 'tampil', 'musik', '', '', 'tambah', '', 'vidio', 'sekarang', 'tidak', '', '', 'sesuai', 'masuk', 'sama', 'lihat', 'vidionyatrus', 'musik', '', 'favorit', '', 'muncultolong', 'lah', 'kebalika', '', 'saja', '', 'lebih', 'gampang']",7,positive
Rona Mirta,1,2023-11-17 06:24:03,"Dasar aplikasi tidak berguna kalo saja kamu bisa benerin apk ini saya tidak akan beri ulasan seperti ini karna kenapa tiktok saya tidak bisa dibuka setelah di update hanya logo tiktok nya aja yg tertampil dan kadang layarnya hitam??!!, kalo tau bakal seperti ini saya tidak akan meng update nyağŸ˜ ğŸ¤¬!! Mohon perbaruannya!!","['dasar', 'aplikasi', '', 'guna', 'kalau', '', 'kamu', '', 'benerin', 'aplikasi', '', '', '', '', 'beri', 'ulas', '', '', 'karena', '', 'tiktok', '', '', '', 'buka', '', '', 'terbaru', '', 'logo', 'tiktok', 'nya', 'saja', 'yang', 'tampil', '', 'kadang', 'layar', 'hitam', 'kalau', 'tahu', 'bakal', '', '', '', '', '', 'meng', 'terbaru', 'nya', 'mohon', 'baru']",-15,negative
Aditya Nugroho,1,2023-10-04 12:50:09,Keluhannya: aplikasi tidak bisa berjalan seperti biasa untuk pengguna android ram 3. Saat dibuka hanya terdapat logo tik tok dan bersamaan dengan lag yang cukup parah saat keluar dari aplikasi sehingga perlu di restart berulangkali. Perilaku aplikasi seperti virus yang membuat pengguna merasa takut. Jadi tolong di perbaiki segera agar pengguna lebih nyaman dan membuat aplikasi tik tok kembali ramai. Saya tahu CEO/pegawai lainnya tik tok pasti bisa.l mengatasi ini. TERIMA KASIH,"['keluh', 'aplikasi', '', '', 'jalan', '', 'biasa', '', 'guna', 'seluler', 'ram', '', 'buka', '', 'dapat', 'logo', 'tik', 'tok', '', 'sama', '', 'lag', '', 'cukup', 'parah', '', 'keluar', '', 'aplikasi', '', 'perlu', '', 'restart', 'ulang', 'perilaku', 'aplikasi', '', 'virus', '', 'buat', 'guna', 'rasa', 'takut', 'jadi', '', '', 'baik', 'segera', '', 'guna', 'lebih', 'nyaman', '', 'buat', 'aplikasi', 'tik', 'tok', '', 'ramai', '', 'tahu', 'ceopegawai', 'lain', 'tik', 'tok', '', 'bisal', 'atas', '', 'terima', 'kasih']",-25,negative
Massau Dekkae,5,2023-11-22 11:59:33,"Aplikasi ini sangat bagus dan sangat menyenangkan banget ketika digunakan ya, simpel dan sangat sederhana banget ketika digunakan ya. Sejauh ini sangat bagus dan memberikan hiburan, menurut aku aplikasi ini sangat rapi dalam hal pemutar video, konten kreator nya sudah sangat bekerja keras dalam hal memberikan hiburannya, pengalaman saya ketika menggunakan aplikasi ini nyaris tanpa bug sama sekali ya kawan kawan.","['aplikasi', '', 'sangat', 'bagus', '', 'sangat', 'senang', 'banget', '', 'guna', '', 'simpel', '', 'sangat', 'sederhana', 'banget', '', 'guna', '', 'jauh', '', 'sangat', 'bagus', '', 'beri', 'hibur', '', 'aku', 'aplikasi', '', 'sangat', 'rapi', '', '', 'putar', 'video', 'konten', 'kreator', 'nya', '', 'sangat', 'kerja', 'keras', '', '', 'beri', 'hibur', 'alam', '', '', 'guna', 'aplikasi', '', 'nyaris', '', 'bug', 'sama', 'sekali', '', 'kawan', 'kawan']",-22,negative
Tajul Ghina,1,2023-09-02 23:08:29,"Tik tok ini kenapa ya makin di perbarui makin lelet, jaringan bagus tapi ketika mau buat video atau live masa keluar tiba tiba dan itu berkali2 terjadi padahal sudah di refresh dan dikeluarin tapi terjadi lagi, keluar sendiri, macet pulak, padahal biasanya gak gitu, jadinya kecewa sekian.","['tik', 'tok', '', '', '', 'makin', '', 'baru', 'makin', 'lambat', 'jaringan', 'bagus', '', '', 'mau', 'buat', 'video', '', 'langsung', 'masa', 'keluar', 'tiba', 'tiba', '', '', 'kali', 'jadi', 'padahal', '', '', 'ulang', '', 'dikeluarin', '', 'jadi', '', 'keluar', 'sendiri', 'macet', 'pulak', 'padahal', 'biasa', 'gak', 'gitu', 'jadi', 'kecewa', 'sekian']",-6,negative
IsiRef TIKTOK GBHTXZ6QRXYZU dptbonus,4,2023-10-11 06:26:04,"Bila sudah menggunakan aplikasi tiktok maka kita bisa sangat betah menonton video nya, simpel dan sangat nyaman banget ketika digunakan ya. Menurut aku aplikasi ini sudah sangat bagus dan hanya membutuhkan beberapa tambahan fitur-fitur saja seperti 360p, 1200p yang mana sangat lah membantu memudahkan kita menonton video saat jaringan lagi kurang stabil, itu saja masukan saya biar aplikasi nya bisa semakin mantap dan berkembang dengan baik.","['bila', '', 'guna', 'aplikasi', 'tiktok', '', '', '', 'sangat', 'betah', 'tonton', 'video', 'nya', 'simpel', '', 'sangat', 'nyaman', 'banget', '', 'guna', '', '', 'aku', 'aplikasi', '', '', 'sangat', 'bagus', '', '', 'butuh', 'beberapa', 'tambah', 'fiturfitur', '', '', 'p', 'p', '', 'mana', 'sangat', 'lah', 'bantu', 'mudah', '', 'tonton', 'video', '', 'jaringan', '', 'kurang', 'stabil', '', '', 'masuk', '', 'biar', 'aplikasi', 'nya', '', 'makin', 'mantap', '', 'kembang', '', 'baik']",-9,negative
Pandu Julika Rinaldi,1,2023-09-25 08:15:46,"Tiktok tidak bisa diakses, cuma booting dan crash/force close. Lalu perangkat mati. Setelah update ke V. 31.4.3 penyimpanan melonjak drastis dari 1,7GB menjadi 2,18 GB. Perangkat ini Samsung Galaxy Note 9, Android 10, one UI 2.5. please follow up. Terimakasih","['tiktok', '', '', 'akses', 'cuma', 'booting', '', 'crashforce', 'tutup', 'lalu', 'perangkat', 'mati', '', 'terbaru', '', 'v', 'simpan', 'lonjak', 'drastis', '', 'gb', 'jadi', 'gb', 'perangkat', '', 'samsung', 'galaxy', 'catatan', 'seluler', 'satu', 'ui', 'tolong', 'ikuti', 'up', 'terima kasih']",4,positive
Manisa Agustin (Nagstd),2,2023-10-15 22:34:08,"subtitle terjemah di tiktok sekarang ilang, dan harus di aktifkan secara manual, jujurly, para pengguna tiktok lebih suka tiktok yang subtitle terjemah-nya seperti dulu, jangan yang seperti sekarang, yang harus di aktifkan secara manual, walaupun itu simple cara aktifkan-nya, tapi itu ribet. please tiktok, jangan terlalu banyak update, kalau mau sekaligus saja, dari pada sedikit sedikit, malah kayak ribet banget.","['subtitle', 'terjemah', '', 'tiktok', 'sekarang', 'hilang', '', '', '', 'aktif', '', 'manual', 'jujurly', '', 'guna', 'tiktok', 'lebih', 'suka', 'tiktok', '', 'subtitle', 'terjemah', '', 'dulu', 'jangan', '', '', 'sekarang', '', '', '', 'aktif', '', 'manual', 'walaupun', '', 'sederhana', 'cara', 'aktif', '', '', 'ribet', 'tolong', 'tiktok', 'jangan', 'terlalu', 'banyak', 'terbaru', 'kalau', 'mau', 'sekaligus', '', '', '', 'sedikit', 'sedikit', 'bahkan', 'kayak', 'ribet', 'banget']",-25,negative
Ririn Wigi,1,2023-09-23 18:40:07,"Tiktok saya baru diperbarui. Bukannya malah bagus, tpi tambah jelek. Untuk buka tiktok ngelag, trus aplikasi lainnya juga ikut ngelag, HP juga ngelag dan panas. Aplikasinya seperti ada virusnya yang dapat menjalar ke aplikasi lain dan peforma hp. Setelah diperbarui, draf tiktok saya malah kehapus semua sama tiktok. Mohon diperbaiki.","['tiktok', '', 'baru', 'baru', 'bukan', 'bahkan', 'bagus', 'tapi', 'tambah', 'jelek', '', 'buka', 'tiktok', 'lelet', 'terus', 'aplikasi', 'lain', '', 'ikut', 'lelet', 'seluler', '', 'lelet', '', 'panas', 'aplikasi', '', '', 'virus', '', '', 'jalar', '', 'aplikasi', '', '', 'forma', 'seluler', '', 'baru', 'draf', 'tiktok', '', 'bahkan', 'hapus', 'semua', 'sama', 'tiktok', 'mohon', 'baik']",-26,negative
Nabilla Aulia,1,2023-11-22 05:31:14,"tolong dibaca, kemarin hp saya masih baik baik saja, tapi karena tiktok saya kehilangan beberapa fitur, sperti foto, story, dan lainnya, saya akhirnya update, karena penasaran juga dengan fitur terbaru, (tiktok offline) kemarin pagi, stlh saya sudah update, kenapa? hp saya jadi sering mulai ulang sendiri?? saya cari tahu di google, katanya salah satu penyebab hp restart adalah karena kesalahan update aplikasi, dan btul stiap sy buka tiktok hp sy mulai ulang sendiri, tolong bukan saya menyalahkan","['', 'baca', 'kemarin', 'seluler', '', '', 'baik', 'baik', '', '', '', 'tiktok', '', 'hilang', 'beberapa', 'fitur', 'seperti', 'foto', 'story', '', 'lain', '', 'akhir', 'terbaru', '', 'penasaran', '', '', 'fitur', 'baru', 'tiktok', 'offline', 'kemarin', 'pagi', 'setelah', '', '', 'terbaru', '', 'seluler', '', 'jadi', 'sering', 'mulai', 'ulang', 'sendiri', '', 'cari', 'tahu', '', 'google', 'kata', 'salah', 'satu', 'sebab', 'seluler', 'restart', '', '', 'salah', 'terbaru', 'aplikasi', '', 'btul', 'setiap', 'saya', 'buka', 'tiktok', 'seluler', 'saya', 'mulai', 'ulang', 'sendiri', '', 'bukan', '', 'salah']",-16,negative
Habib abdul Zulfikri,1,2023-09-26 22:08:16,"Mohon maaf untuk pihak tik tok karena saya memberikan bintang 1.saya merasa kalau tiktok sekarang jadi semakin berat,buat scroll baru beberapa menit udah mulai ngeleg apk nya, penyimpanan juga semakin besar,sering error' dan tiba-tiba force close,terlalu boros baterai.saya minta tolong sekali,untuk pihak tiktok memperbaiki masalah ini,buat konsumen merasa puas dan nyaman menggunakan apk ini.terimakasih","['mohon', 'maaf', '', 'pihak', 'tik', 'tok', '', '', 'beri', 'bintang', '', 'rasa', 'kalau', 'tiktok', 'sekarang', 'jadi', 'makin', 'beratbuat', 'scroll', 'baru', 'beberapa', 'menit', 'sudah', 'mulai', 'lelet', 'aplikasi', 'nya', 'simpan', '', 'makin', 'besarsering', 'error', '', 'tiba', 'paksa', 'closeterlalu', 'boros', 'bateraisaya', 'minta', '', 'sekaliuntuk', 'pihak', 'tiktok', 'baik', 'masalah', 'inibuat', 'konsumen', 'rasa', 'puas', '', 'nyaman', 'guna', 'aplikasi', 'initerimakasih']",-27,negative
Stephanie Tamarina Simamora,2,2023-10-08 07:51:33,"setelah update tiktok jadi sering bug,terkadang tidak bisa masuk aplikasi dan aplikasinya seperti ada virus bisa buat handphone ngebug, handphone saya ram 6 tapi kalau download tiktok yang baru saja update seperti ini, handphonenya jadi suka ngebug dan lemot jadi setiap hari saya mulai ulang (restart) terus setelah buka tiktok","['', 'terbaru', 'tiktok', 'jadi', 'sering', 'bugterkadang', '', '', 'masuk', 'aplikasi', '', 'aplikasi', '', '', 'virus', '', 'buat', 'handphone', 'bug', 'handphone', '', 'ram', '', 'kalau', 'unduh', 'tiktok', '', 'baru', '', 'terbaru', '', '', 'handphonenya', 'jadi', 'suka', 'bug', '', 'lot', 'jadi', '', 'hari', '', 'mulai', 'ulang', 'restart', 'terus', '', 'buka', 'tiktok']",-2,negative
Arda Eka Julianto,1,2023-11-05 20:44:18,"Entah kenapa habis aku update, pas baru masuk ke apk nya tiba-tiba keluar sendiri, itu masih sebagian kecil dri masalah yang gwe alami saat ini, belum lagi pas mau search video yang lagi viral, kadang ngecrash, jdi agak gk nyaman sama tiktok","['entah', '', 'habis', 'aku', 'terbaru', 'pas', 'baru', 'masuk', '', 'aplikasi', 'nya', 'tiba', 'keluar', 'sendiri', '', '', 'bagi', 'kecil', 'dari', 'masalah', '', 'gwe', 'alami', '', '', '', '', 'pas', 'mau', 'search', 'video', '', '', 'viral', 'kadang', 'ngecrash', 'jadi', '', 'tidak', 'nyaman', 'sama', 'tiktok']",-9,negative
Azizzah ADMAJA,1,2023-10-18 16:54:46,Kenapa setelah ada update terbaru . Tiktok ga bisa dibuka . Lalu ga ada layar belakang tiktok. Kalaupun ga ada perbaikan suatu saat nanti Tiktok akan dapat rating 1 . Kalau ga ada perubahan Kalau ga ada perubahan pasti Rating penggunaan tiktok pasti Terjun drastis yang awalnya top 8 akan menjadi top 30. OrangÂ² akan teralihkan dengan platfrom lain kalau ga Niat ada perubahan,"['', '', '', 'terbaru', 'baru', 'tiktok', 'tidak', '', 'buka', 'lalu', 'tidak', '', 'layar', 'belakang', 'tiktok', 'kalaupun', 'tidak', '', 'baik', 'suatu', '', '', 'tiktok', '', '', 'rating', 'kalau', 'tidak', '', 'ubah', 'kalau', 'tidak', '', 'ubah', '', 'rating', 'guna', 'tiktok', '', 'terjun', 'drastis', '', 'awal', 'top', '', 'jadi', 'top', 'orang', '', 'alih', '', 'platfrom', '', 'kalau', 'tidak', 'niat', '', 'ubah']",-16,negative
Rafi Akbar,1,2023-09-26 18:52:55,"sering eror pake jaringan padalah udah bagus tapi tetep gak bisi buka app tiktok terus udah ngikutin tutorial di YouTube tapi tetep gak bisa, udah di hapus CC nya ,udah di mulai ulang hp nya tapi tetep gak bisa giliran saya nyampung ke koneksi wifi bisa kan aneh . terus saya coba download tiktok lite bisa bisa aja. tolong lah di perbaiki bug nya padalah aplikasi ini udah bagus , berita te aupdet. tolong lah tiktok perbaiki lagi","['sering', 'error', 'pakai', 'jaringan', 'pada', 'sudah', 'bagus', '', 'tetep', 'gak', 'bis', 'buka', 'app', 'tiktok', 'terus', 'sudah', 'ngikutin', 'tutorial', '', 'youtube', '', 'tetep', 'gak', '', 'sudah', '', 'hapus', 'cc', 'nya', 'sudah', '', 'mulai', 'ulang', 'seluler', 'nya', '', 'tetep', 'gak', '', 'gilir', '', 'nyampung', '', 'koneksi', 'wifi', '', 'kan', 'aneh', 'terus', '', 'coba', 'unduh', 'tiktok', 'lite', '', '', 'saja', '', 'lah', '', 'baik', 'bug', 'nya', 'pada', 'aplikasi', '', 'sudah', 'bagus', 'berita', 'te', 'aupdet', '', 'lah', 'tiktok', 'baik', '']",-20,negative
Agus Budiyasa,1,2023-11-20 21:52:29,"Ini tiktok kenpa sih? Kok setiap liat konten orang yang Isinya foto"" malah keliatan lambang tiktok aja dan suara dri lagunya juga hilang tapi kalo liat konten lain selain foto normal. Terus setiap bukak tiktok lambang tiktoknya lama bnget muncul sekitar 30dtk/1 menit baru keliatan konten orng.... TOLONG PERBAIKI SISTEM KERJA TIKTOK!!!","['', 'tiktok', 'kenpa', 'sih', 'kok', '', 'lihat', 'konten', 'orang', '', 'isi', 'foto', 'bahkan', 'lihat', 'lambang', 'tiktok', 'saja', '', 'suara', 'dari', 'lagu', '', 'hilang', '', 'kalau', 'lihat', 'konten', '', '', 'foto', 'normal', 'terus', '', 'buka', 'tiktok', 'lambang', 'tiktoknya', 'lama', 'banget', 'muncul', '', 'dtk', 'menit', 'baru', 'lihat', 'konten', 'orang', '', 'baik', 'sistem', 'kerja', 'tiktok']",-3,negative
Tiara,4,2023-10-18 04:45:27,"Aplikasinya lumayan bagus, tapi masih banyak bug dan kesalahan. Pernah beberapa kali ngestuck di logo aplikasinya, trus harus download ulang/update dulu agar gk ngestuck lagi. Jujur ini agak menggangu apalagi pas memori atau sinyal lagi masa masa kritis.","['aplikasi', 'lumayan', 'bagus', '', '', 'banyak', 'bug', '', 'salah', 'pernah', 'beberapa', 'kali', 'ngestuck', '', 'logo', 'aplikasi', 'terus', '', 'unduh', 'ulangupdate', 'dulu', '', 'tidak', 'ngestuck', '', 'jujur', '', '', 'menggangu', '', 'pas', 'memori', '', 'sinyal', '', 'masa', 'masa', 'kritis']",-19,negative
setiawan,2,2023-10-08 19:31:15,"Mulai 2 minggu ini aplikasi tik tok eror. Kadang bisa terbuka kadang tidak. Ketika tidak bisa terbuka hanya muncul logo tik tok saja, Jadi yg sy lakukan hapus dowload hapus download hapus download aplikasinya,, seperti itu terus yg saya lakukan supaya bisa membuka tik tok, kalo tidak dihapus dan di dowload lagi tidak bisa terbuka aplikasinya. Tolong segera di perbaiki seperti dulu.","['mulai', 'minggu', '', 'aplikasi', 'tik', 'tok', 'error', 'kadang', '', 'buka', 'kadang', '', '', '', '', 'buka', '', 'muncul', 'logo', 'tik', 'tok', '', 'jadi', 'yang', 'saya', 'laku', 'hapus', 'dowload', 'hapus', 'unduh', 'hapus', 'unduh', 'aplikasi', '', '', 'terus', 'yang', '', 'laku', '', '', 'buka', 'tik', 'tok', 'kalau', '', 'hapus', '', '', 'dowload', '', '', '', 'buka', 'aplikasi', '', 'segera', '', 'baik', '', 'dulu']",-37,negative
Whyu sptra,3,2023-09-09 08:30:50,"Tiktok banyak bugnya skrg ga kaya dulu, main tiktok ketika sudah 30 menit lebih ngelag saat pemutar vidio, bukan hanya itu. Ketika saya scroll vidio tibaÂ² ada suara live streaming orang padahal lagi ga nonton live orang lain. Ga mungkin handphone saya yang ngelag, soalnya snapdragon 870 dan memory 256gb. Main game berat dan sosial media lain lancar saja ga kaya tiktok ngelag! Tolong di perbaiki.","['tiktok', 'banyak', 'bugnya', 'sekarang', 'tidak', 'kaya', 'dulu', 'main', 'tiktok', '', '', 'menit', 'lebih', 'lelet', '', 'putar', 'vidio', 'bukan', '', '', '', '', 'scroll', 'vidio', 'tiba', '', 'suara', 'langsung', 'streaming', 'orang', 'padahal', '', 'tidak', 'nonton', 'langsung', 'orang', '', 'tidak', 'mungkin', 'handphone', '', '', 'lelet', 'soal', 'snapdragon', '', 'memory', 'gb', 'main', 'game', 'berat', '', 'sosial', 'media', '', 'lancar', '', 'tidak', 'kaya', 'tiktok', 'lelet', '', '', 'baik']",-7,negative
Wawan Setya,1,2023-09-30 08:39:58,Setelah update terbaru malah aneh gak bisa dibuka pas dibuka lama trus ke sistem operasi HP jadi lag dan crash aneh kalau masalah ram dan prosesor gak mungkin karna ram 4 GB prosesor juga Snapdragon yg biasa buat game... masa buka tik tok jadi tiba2 lag... kayak berat banget aplikasi nya...,"['', 'terbaru', 'baru', 'bahkan', 'aneh', 'gak', '', 'buka', 'pas', 'buka', 'lama', 'terus', '', 'sistem', 'operasi', 'seluler', 'jadi', 'lag', '', 'rusak', 'aneh', 'kalau', 'masalah', 'ram', '', 'prosesor', 'gak', 'mungkin', 'karena', 'ram', 'gb', 'prosesor', '', 'snapdragon', 'yang', 'biasa', 'buat', 'game', 'masa', 'buka', 'tik', 'tok', 'jadi', 'tiba', 'lag', 'kayak', 'berat', 'banget', 'aplikasi', 'nya']",-23,negative
Ara Calista,1,2023-11-05 07:37:03,"Akhir akhir ini tik tok kenapa lelet banget ya , udah gitu juga sering eror , kayak gak bisa kebuka cuman muncul logo doang . Dan juga kalo lelet karena jaringan gak mungkin di tempat ku jaringan internet itu lancar jaya ,tapi entah mengapa kalo liat tiktok pasti lelet, coba dong jangan dikit dikit update. Kan cape ya haru hapus download lagi , terus ini kenapa ya fitur posting ulang saya gak ada","['akhir', 'akhir', '', 'tik', 'tok', '', 'lambat', 'banget', '', 'sudah', 'gitu', '', 'sering', 'error', 'kayak', 'gak', '', 'buka', 'cuman', 'muncul', 'logo', 'doang', '', '', 'kalau', 'lambat', '', 'jaringan', 'gak', 'mungkin', '', 'tempat', 'ku', 'jaringan', 'internet', '', 'lancar', 'jaya', '', 'entah', '', 'kalau', 'lihat', 'tiktok', '', 'lambat', 'coba', 'dong', 'jangan', 'dikit', 'dikit', 'terbaru', 'kan', 'capek', '', 'haru', 'hapus', 'unduh', '', 'terus', '', '', '', 'fitur', 'posting', 'ulang', '', 'gak', '']",-14,negative
Abu Alam,2,2023-10-15 11:31:54,aplikasinya bagus sih cuma kalo mau coba beberapa filter yang viral pasti selalu ada error (filter ini tidak tersedia di kawasan anda) cepat perbaiki!!! saya sudah mulai muak untuk tidak segan segan hapus aplikasi ini! @tiktok,"['aplikasi', 'bagus', 'sih', 'cuma', 'kalau', 'mau', 'coba', 'beberapa', 'filter', '', 'viral', '', 'selalu', '', 'error', 'filter', '', '', 'sedia', '', 'kawasan', '', 'cepat', 'baik', '', '', 'mulai', 'muak', '', '', 'segan', 'segan', 'hapus', 'aplikasi', '']",-17,negative
Isi Ref GBHTXZ6QRXYZU dptbonus,5,2023-09-02 13:42:59,"Proses tarik dana yang sangat cepat menjadikan aplikasi ini semakin mantap dan memuaskan ya, sederhana dan mudah digunakan baik dalam memutar video maupun sebagai pembuat konten kreator. Aplikasi nya minim bug sehingga enak banget ketika digunakan menonton video, selama menggunakan aplikasi nya tak ada kendala sama sekali.","['proses', 'tarik', 'dana', '', 'sangat', 'cepat', 'jadi', 'aplikasi', '', 'makin', 'mantap', '', 'muas', '', 'sederhana', '', 'mudah', 'guna', 'baik', '', 'putar', 'video', 'maupun', '', 'buat', 'konten', 'kreator', 'aplikasi', 'nya', 'minim', 'bug', '', 'enak', 'banget', '', 'guna', 'tonton', 'video', 'lama', 'guna', 'aplikasi', 'nya', 'tidak', '', 'kendala', 'sama', 'sekali']",-2,negative
Muh. Fahri,1,2023-09-09 23:49:54,"Tolong untuk memperbaiki,karena Tik tok sekarang sangat Lag/Patah-patah,menguras baterai latar belakang,ForceClose/Tik Tok telah berhenti,dan cepat membuat hp panas.saya yang bermain tik tok dari dulu dan merasa tik tok sekarang sangat Lag merasa tidak nyaman saat menonton/scrolling video padahal cache/penyimpanan sudah di bersihkan.","['', '', 'memperbaikikarena', 'tik', 'tok', 'sekarang', 'sangat', 'lagpatahpatahmenguras', 'baterai', 'latar', 'belakangforceclosetik', 'tok', '', 'berhentidan', 'cepat', 'buat', 'seluler', 'panassaya', '', 'main', 'tik', 'tok', '', 'dulu', '', 'rasa', 'tik', 'tok', 'sekarang', 'sangat', 'lag', 'rasa', '', 'nyaman', '', 'menontonscrolling', 'video', 'padahal', 'cachepenyimpanan', '', '', 'sih']",-6,negative
Erna sartika,1,2023-10-09 19:39:56,"Keluhan: aplikasi yg tidak berjalan seperti biasa nya, di mana di saat sya membuka aplikasi tik tok selalu tidak menampil kan layar hanya menampil kan logo tik tok dn saat kluar dri aplikasi tersebut sangat llt smpe harus mematikan daya hp berulang""","['keluh', 'aplikasi', 'yang', '', 'jalan', '', 'biasa', 'nya', '', 'mana', '', '', 'sya', 'buka', 'aplikasi', 'tik', 'tok', 'selalu', '', 'tampil', 'kan', 'layar', '', 'tampil', 'kan', 'logo', 'tik', 'tok', 'dn', '', 'keluar', 'dari', 'aplikasi', 'sebut', 'sangat', 'llt', 'smpe', '', 'mati', 'daya', 'seluler', 'ulang']",-32,negative
reza utama,1,2023-10-06 21:20:05,"next update bisa lah kalo kompres video ngotak dikit jangan sampe pecah kualitasnya padahal saya udh pke resolusi 4k/1080p masih aja tetep burik waktu di upload di tiktok, ayolah update fitur yang penting2 aja yang berguna jangan update buat fitur2 gajelas, dan juga stabilin apk nya biar gada lag ataupun frame agar pengguna aplikasi bisa nyaman menggunakan apk ini. tolong benar2 next agar bisa di update dan di tambah kan fitur2 yang berguna untuk kedepannya, SECEPATNYA YA!!!! DI TUNGGU...â˜ºï¸","['lanjut', 'terbaru', '', 'lah', 'kalau', 'kompres', 'video', 'otak', 'dikit', 'jangan', 'sampai', 'pecah', 'kualitas', 'padahal', '', 'udh', 'pke', 'resolusi', 'kp', '', 'saja', 'tetep', 'burik', 'waktu', '', 'upload', '', 'tiktok', 'ayo', 'terbaru', 'fitur', '', 'penting', 'saja', '', 'guna', 'jangan', 'terbaru', 'buat', 'fitur', 'tidak jelas', '', '', 'stabilin', 'aplikasi', 'nya', 'biar', 'tidak ada', 'lag', 'atau', 'frame', '', 'guna', 'aplikasi', '', 'nyaman', 'guna', 'aplikasi', '', '', 'benar', 'lanjut', '', '', '', 'terbaru', '', '', 'tambah', 'kan', 'fitur', '', 'guna', '', 'depan', 'cepat', '', '', 'tunggu']",-2,negative
Meisya Putri,3,2023-09-27 11:46:28,"akhir akhir ini Tik tok jd suka banget nge bug, setiap mau masuk tiktok, cuma muncul logo doang ga masuk masuk ke video, lama banget loading nya, tolong d perbaiki lagi, sayang bgt tiktok skrng jd gini, jd mau ga mau harus download ulang lagi, jd males","['akhir', 'akhir', '', 'tik', 'tok', 'jadi', 'suka', 'banget', 'nge', 'bug', '', 'mau', 'masuk', 'tiktok', 'cuma', 'muncul', 'logo', 'doang', 'tidak', 'masuk', 'masuk', '', 'video', 'lama', 'banget', 'loading', 'nya', '', 'di', 'baik', '', 'sayang', 'banget', 'tiktok', 'sekarang', 'jadi', 'gin', 'jadi', 'mau', 'tidak', 'mau', '', 'unduh', 'ulang', '', 'jadi', 'males']",-11,negative
Putri Hadiu,1,2023-09-26 07:48:43,"Tiktok tidak bisa di buka,hanya terlihat logonya saja.Aplikasinya sudah di update tapi masih sering error. Harus di download ulang,tapi sudah sering terjadi beberapa kali. Perhatikan konten kreatornya tolong di perbaiki sistemnya.","['tiktok', '', '', '', 'bukahanya', 'lihat', 'logo', 'sajaaplikasinya', '', '', 'terbaru', '', '', 'sering', 'error', '', '', 'unduh', 'ulangtapi', '', 'sering', 'jadi', 'beberapa', 'kali', 'perhati', 'konten', 'kreator', '', '', 'baik', 'sistem']",5,positive
Anak Keren,1,2023-09-23 09:41:32,Tolong dong developer perbaiki tiktoknya... selama ini saya pake tiktok biasa-biasa saja tapi setelah di update malah habis itu aplikasinya gabisa di buka malah bahkan setelah di buka hape saya ngelag dan mati sendiri seperti ada virusnya tolong segera di perbaiki sekarang juga. Terimakasih,"['', 'dong', 'developer', 'baik', 'tiktoknya', 'lama', '', '', 'pakai', 'tiktok', 'biasabiasa', '', '', '', '', 'terbaru', 'bahkan', 'habis', '', 'aplikasi', 'tidak bisa', '', 'buka', 'bahkan', 'bahkan', '', '', 'buka', 'seluler', '', 'lelet', '', 'mati', 'sendiri', '', '', 'virus', '', 'segera', '', 'baik', 'sekarang', '', 'terima kasih']",1,positive
Yuli Yulida,1,2023-09-03 21:49:20,"Susah banget mau bukaa apk tiktok , setiap di bukaa ada suara ga ada gambar , tiba tiba keluar lagi dengan sendiri nya , bgtu mulu setiap bukaa . Padahal signal nya bagus . Jdi males buka tiktok . Tolong mas/mba di perbaiki . Udah ada kali 3 minggu gaa buka tiktok . Skrng mau bukaa lagi bgtu lagi . Mending uninstal aja dah . Gaa ada perbuhan sama sekali","['susah', 'banget', 'mau', 'bukaa', 'aplikasi', 'tiktok', '', '', 'bukaa', '', 'suara', 'tidak', '', 'gambar', 'tiba', 'tiba', 'keluar', '', '', 'sendiri', 'nya', 'bgtu', 'melulu', '', 'bukaa', 'padahal', 'sinyal', 'nya', 'bagus', 'jadi', 'males', 'buka', 'tiktok', '', 'masmba', '', 'baik', 'sudah', '', 'kali', 'minggu', 'gaa', 'buka', 'tiktok', 'sekarang', 'mau', 'bukaa', '', 'bgtu', '', 'lebih baik', 'copot', 'saja', 'sudah', 'gaa', '', 'perbuhan', 'sama', 'sekali']",-19,negative
Wisni Ansih,1,2023-10-04 10:16:48,"Maaf untuk ulasan yang sy tulis ,ini secara fakta dan nyata.selama bulan ini sy sudah meng uninstal dan instal lebih dari 8 -10 kali. Semakim kesini aplikasi nya semakin banyak gangguan.sehingganya aplikasi sering mengalami gangguang atau nge bug.swhingga nya setelah di instal ualang,1-2 hari aman.besok nya langsung tidak bisa dibuka kembali,hanya logo tiktok nya saja. Mohon pihak tiktok agar mengupayakan perbaikan untuk jauh lebih baik kembali. Bukan jauh lebih buruk.","['maaf', '', 'ulas', '', 'saya', 'tulis', '', '', 'fakta', '', 'nyataselama', 'bulan', '', 'saya', '', 'meng', 'copot', '', 'pasang', 'lebih', '', 'kali', 'semakim', 'kesini', 'aplikasi', 'nya', 'makin', 'banyak', 'gangguansehingganya', 'aplikasi', 'sering', 'alami', 'gangguang', '', 'nge', 'bugswhingga', 'nya', '', '', 'pasang', 'ualang', 'hari', 'amanbesok', 'nya', 'langsung', '', '', 'buka', 'kembalihanya', 'logo', 'tiktok', 'nya', '', 'mohon', 'pihak', 'tiktok', '', 'upaya', 'baik', '', 'jauh', 'lebih', 'baik', '', 'bukan', 'jauh', 'lebih', 'buruk']",-23,negative
7. Alexander Arriel,1,2023-11-04 01:12:20,"diakun saya @semua mantan. banyak fitur yg tidak ada,seperti contohnya bisa memperlambat dan mempercepat vidio,bar skip vidio dibawah jg tidak ada,pokoknya aneh,saya kecewa!! udah update udah uninstall download lagi tetep sama aja,tolong berikan kenyamanan bagi semua pengguna","['akun', '', 'mantan', 'banyak', 'fitur', 'yang', '', 'adaseperti', 'contoh', '', 'lambat', '', 'cepat', 'vidiobar', 'skip', 'vidio', 'bawah', 'juga', '', 'adapokoknya', 'anehsaya', 'kecewa', 'sudah', 'terbaru', 'sudah', 'copot', 'unduh', '', 'tetep', 'sama', 'ajatolong', 'ikan', 'nyaman', '', 'semua', 'guna']",2,positive
Kristiani Zagoto,2,2023-11-16 22:27:29,"Dear tiktok Saya senang tiktok ada karena selain menghibur bisa jg sebagai tempat untuk belajar tapi sangat di sayangkan sekali karena akhir"" ini untuk kualitas tiktok semakin menurun alasan sering bug tiktok tidak bisa di buka cuma stop di logo saja harus di uninstall download lg baru bisa.....tolong untuk manajemen tiktok segera di perbaiki agar tidak menggangu pengguna.... terimakasih ğŸ™","['terhormat', 'tiktok', '', 'senang', 'tiktok', '', '', '', 'hibur', '', 'juga', '', 'tempat', '', 'ajar', '', 'sangat', '', 'sayang', 'sekali', '', 'akhir', '', '', 'kualitas', 'tiktok', 'makin', 'turun', 'alas', 'sering', 'bug', 'tiktok', '', '', '', 'buka', 'cuma', 'stop', '', 'logo', '', '', '', 'copot', 'unduh', 'lagi', 'baru', 'bisatolong', '', 'manajemen', 'tiktok', 'segera', '', 'baik', '', '', 'menggangu', 'guna', 'terima kasih']",0,neutral
Dani Tri setiawan,1,2023-10-17 18:29:21,"aplikasi jelek, masa kalo mau liat tiktok masuknya lama bgt udh coba berkali kali tpi masih aja kaya gitu, mau dibilang antara nge lag atau bug saya gak tau, masa pas saya uninstall baru di download lagi baru bisa masuk emg aneh saya sama aplikasi yang satu ini, semoga bisa di perbaiki","['aplikasi', 'jelek', 'masa', 'kalau', 'mau', 'lihat', 'tiktok', 'masuk', 'lama', 'banget', 'udh', 'coba', 'kali', 'kali', 'tapi', '', 'saja', 'kaya', 'gitu', 'mau', 'bilang', '', 'nge', 'lag', '', 'bug', '', 'gak', 'tahu', 'masa', 'pas', '', 'copot', 'baru', '', 'unduh', '', 'baru', '', 'masuk', 'emg', 'aneh', '', 'sama', 'aplikasi', '', 'satu', '', 'moga', '', '', 'baik']",-1,negative
Yatino Vivo,1,2023-09-20 14:09:24,Untuk developer tik tok.. Tolong di perbaiki lagi karena masih banyak bug dan tik tok nya sering leg setelah di upadate aplikasi tik toknya..tolong untukkk di perbaikiiii!!!!!!!!!!!!!!!!!!,"['', 'developer', 'tik', 'tok', '', '', 'baik', '', '', '', 'banyak', 'bug', '', 'tik', 'tok', 'nya', 'sering', 'lelet', '', '', 'upadate', 'aplikasi', 'tik', 'toknyatolong', 'untukkk', '', 'perbaikiiii']",1,positive
Abi Zeela,1,2023-09-21 10:23:25,TikTok ini gimana kok setelah di-update malah tambah gak karuan... Aplikasinya sering gak bisa dibuka. SampaiÂ² harus uinstal dan install ulang lagi..dan lagi... Terus juga ketika mau login pakai nomor nungguin OTP lama banget...... Sampai diulang-ulang. Alhasil muncul tulisan frekuensi kunjungan terlalu sering. Udah deh ribet. Masalahnya sulit teratasi.,"['tiktok', '', 'bagaimana', 'kok', '', 'terbaru', 'bahkan', 'tambah', 'gak', 'karuan', 'aplikasi', 'sering', 'gak', '', 'buka', 'sampai', '', 'uinstal', '', 'pasang', 'ulang', 'lagidan', '', 'terus', '', '', 'mau', 'login', 'pakai', 'nomor', 'tunggu', 'otp', 'lama', 'banget', '', 'diulangulang', 'alhasil', 'muncul', 'tulis', 'frekuensi', 'kunjung', 'terlalu', 'sering', 'sudah', 'deh', 'ribet', 'masalah', 'sulit', 'atas']",-6,negative
Widina Razny,3,2023-10-11 15:33:38,"Aplikasi nya udah baguuss, bangettt. Seruu. Tapi tolong kok akhir akhir ini sering banget gak bisa dibuka, cuma ada logo nya doang.. padahal jaringan bagus, handphone nya jarang ngeleg. Jad harus di hapus download lagii. Tolong saya sudah berulang ulang seperti itu sampai 6 kali.","['aplikasi', 'nya', 'sudah', 'baguuss', 'bangettt', 'seruu', '', '', 'kok', 'akhir', 'akhir', '', 'sering', 'banget', 'gak', '', 'buka', 'cuma', '', 'logo', 'nya', 'doang', 'padahal', 'jaringan', 'bagus', 'handphone', 'nya', 'jarang', 'lelet', 'jad', '', '', 'hapus', 'unduh', 'lagi', '', '', '', 'ulang', 'ulang', '', '', '', 'kali']",-12,negative
Nfth0413,1,2023-09-18 19:26:55,"Tiktok saya kok lag ya? Padahal sudah diupdate akan tetapi malah semakin nge-lag, bahkan sering ada suaranya namun ganbar nya tidak bergerak, setelah di kembalikan ke home terkadang juga masih ngikut suaranya, tolong dong buat developer di perbaiki yg kayak gini biar ga keulang lagi...","['tiktok', '', 'kok', 'lag', '', 'padahal', '', 'terbaru', '', '', 'bahkan', 'makin', 'lelet', 'bahkan', 'sering', '', 'suara', '', 'ganbar', 'nya', '', 'gerak', '', '', 'kembali', '', 'home', 'terkadang', '', '', 'ikut', 'suara', '', 'dong', 'buat', 'developer', '', 'baik', 'yang', 'kayak', 'gin', 'biar', 'tidak', 'ulang', '']",1,positive
Ibnu Hasyim Alwi,2,2023-10-06 07:17:53,"Aplikasi sangat menghibur dan ada juga manfaatnya, hanya saja belakangan ini aplikasinya tidak bisa di buka , padahal Ram hp masih mumpuni , dan ternyata hal tersebut (tiktok tidak bisa di buka) banyak yang mengalami , silahkan di perbaiki agar aplikasi tiktok tetap bisa di minati semua orang , terimakasih.","['aplikasi', 'sangat', 'hibur', '', '', '', 'manfaat', '', '', 'belakang', '', 'aplikasi', '', '', '', 'buka', 'padahal', 'ram', 'seluler', '', 'mumpuni', '', 'nyata', '', 'sebut', 'tiktok', '', '', '', 'buka', 'banyak', '', 'alami', 'silah', '', 'baik', '', 'aplikasi', 'tiktok', 'tetap', '', '', 'minat', 'semua', 'orang', 'terima kasih']",4,positive
Vilda Citra,3,2023-09-24 18:13:23,"Sebelumnya apk tik tok ini tuh udh bgs bgt tapi kadang kalo mau masuk itu suka ngebug dan bug nya itu lama, misal kita mau masuk ke apk tik tok ny tapi logo ny itu lamaaaaa bgt dan harus dowload ulang biar bisa masuk, jdi bikin maless dan bete terkadang kalo aku mau masuk itu kadang""akun aku selalu hilang dan harus daftar lagi jdi tolong untuk update kali ini kalo bisa diilangin bug""nya","['belum', 'aplikasi', 'tik', 'tok', '', 'tuh', 'udh', 'bagus', 'banget', '', 'kadang', 'kalau', 'mau', 'masuk', '', 'suka', 'bug', '', 'bug', 'nya', '', 'lama', 'misal', '', 'mau', 'masuk', '', 'aplikasi', 'tik', 'tok', 'ny', '', 'logo', 'ny', '', 'lamaaaaa', 'banget', '', '', 'dowload', 'ulang', 'biar', '', 'masuk', 'jadi', 'bikin', 'maless', '', 'bosan', 'terkadang', 'kalau', 'aku', 'mau', 'masuk', '', 'kadangakun', 'aku', 'selalu', 'hilang', '', '', 'daftar', '', 'jadi', '', '', 'terbaru', 'kali', '', 'kalau', '', 'diilangin', 'bugnya']",4,positive
Larisa Suastika,4,2023-09-13 20:38:02,Saya menyukai Tiktok dan sudah sangat sempurna bagi saya. Tetapi kebanyakan orang memberi centang satu dan tidak nyaman memakai tiktok karena update nya seperti memburuk. Saya sarankan untuk tingkatkan lagi agar berkualitas bagus untuk di semua Hp. Dan saya juga tidak merasa kurang apalagi dengan tiktok hanya kasihan dengan orang yang tidak nyaman memakai tiktok. Saran dari saya jangan update terlalu banyak karena akan membuat Lag dan patah patah Jika kebanyakan update sekian dari saya Makasih.,"['', 'suka', 'tiktok', '', '', 'sangat', 'sempurna', '', '', '', 'banyak', 'orang', 'beri', 'centang', 'satu', '', '', 'nyaman', 'pakai', 'tiktok', '', 'terbaru', 'nya', '', 'buruk', '', 'saran', '', 'tingkat', '', '', 'kualitas', 'bagus', '', '', 'semua', 'seluler', '', '', '', '', 'rasa', 'kurang', '', '', 'tiktok', '', 'kasih', '', 'orang', '', '', 'nyaman', 'pakai', 'tiktok', 'saran', '', '', 'jangan', 'terbaru', 'terlalu', 'banyak', '', '', 'buat', 'lag', '', 'patah', 'patah', '', 'banyak', 'terbaru', 'sekian', '', '', 'terima kasih']",-2,negative
Mahendra Mahendra,4,2023-11-16 18:25:29,"Admin tolong diperbaiki dong fitur music live streamingnya, masak di android gk suport audio stereo, sedang di i phone bisa stereo...kan di Indonesia gk semua user pakek i phone. ini penting sekali karna banyak yg streaming live nya nyanyi tp audio yg keluar masih mono karna perangkat yg digunakan android. Tolong segera dicarikan solusi, terima kasih","['admin', '', 'baik', 'dong', 'fitur', 'music', 'langsung', 'streamingnya', 'masak', '', 'seluler', 'tidak', 'suport', 'audio', 'stereo', 'sedang', '', 'i', 'seluler', '', 'stereo', '', 'indonesia', 'tidak', 'semua', 'konsumen', 'pakai', 'i', 'seluler', '', 'penting', 'sekali', 'karena', 'banyak', 'yang', 'streaming', 'langsung', 'nya', 'nyanyi', 'tapi', 'audio', 'yang', 'keluar', '', 'mono', 'karena', 'perangkat', 'yang', 'guna', 'seluler', '', 'segera', 'cari', 'solusi', 'terima', 'kasih']",-25,negative
Nandito Frederico S,1,2023-10-10 23:28:17,"Setelah update, tiktok malah makin gajelas. Sudah banyak yang komplain soal masalah ini, yang dimana itu adalah aplikasi ini tidak berjalan semestinya, terkadang stuck di logo dan membuat hp menjadi lag saat berada di aplikasi lain ataupun saat keluar tiktok.. adapun juga aplikasi ini benar-benar sudah tidak bisa dibuka sama sekali. Padahal secara pribadi penyimpanan saya masih banyak tapi dari tiktok sendiri masih mengalami hal seperti itu meskipun hp sudah di restart","['', 'terbaru', 'tiktok', 'bahkan', 'makin', 'tidak jelas', '', 'banyak', '', 'komplain', 'soal', 'masalah', '', '', '', '', '', 'aplikasi', '', '', 'jalan', 'mesti', 'terkadang', 'stuck', '', 'logo', '', 'buat', 'seluler', 'jadi', 'lag', '', 'ada', '', 'aplikasi', '', 'atau', '', 'keluar', 'tiktok', 'adapun', '', 'aplikasi', '', 'benarbenar', '', '', '', 'buka', 'sama', 'sekali', 'padahal', '', 'pribadi', 'simpan', '', '', 'banyak', '', '', 'tiktok', 'sendiri', '', 'alami', '', '', '', 'meski', 'seluler', '', '', 'restart']",-22,negative
Rayzhel Joe,5,2023-10-27 19:20:14,"Tiktok sangat seru tetapi mengapa aku tidak bisa update tapi aku terasa nyaman di tiktok, aku merasa senang tetapi sebenarnya ada beberapa bug, yaitu sering ngelag kalau mau keluar, suka gabisa buka tiktok dan lain-lainnya tapi itu masih bisa diperbaiki mohon untuk info ini terimakasih,, dan juga update sekian terimakasih banyak,,","['tiktok', 'sangat', 'seru', '', '', 'aku', '', '', 'terbaru', '', 'aku', 'asa', 'nyaman', '', 'tiktok', 'aku', 'rasa', 'senang', '', 'benar', '', 'beberapa', 'bug', '', 'sering', 'lelet', 'kalau', 'mau', 'keluar', 'suka', 'tidak bisa', 'buka', 'tiktok', '', 'lainlainnya', '', '', '', '', 'baik', 'mohon', '', 'informasi', '', 'terima kasih', '', '', 'terbaru', 'sekian', 'terima kasih', 'banyak']",27,positive
Papa Keyla,2,2023-11-07 00:55:27,Saya mengalami masalah pada suara/lagu yang jadi favorit tidak muncul di bagian pilihan suara. Agal kesal dengan masalah ini menyulitkan saya untuk memposting Video. Tolong Pihak tiktok Memperhatikan ini makasih,"['', 'alami', 'masalah', '', 'suaralagu', '', 'jadi', 'favorit', '', 'muncul', '', 'bagi', 'pilih', 'suara', 'agal', 'kesal', '', 'masalah', '', 'sulit', '', '', 'memposting', 'video', '', 'pihak', 'tiktok', 'perhati', '', 'terima kasih']",-16,negative
nafla nanda m,1,2023-10-11 03:32:07,"setelah update dan saat membuka likes akun pasti selalu lemot, RAM nya begitu besar sekali setelah update sangat tidak nyaman sebaik nya hilangkan saja fitur yg tidak digunakan. suka kesel kalo stuck di depan logo tiktok dan memengaruhi saat membuka aplikasi lain.","['', 'terbaru', '', '', 'buka', 'likes', 'akun', '', 'selalu', 'lot', 'ram', 'nya', '', 'besar', 'sekali', '', 'terbaru', 'sangat', '', 'nyaman', 'baik', 'nya', 'hilang', '', 'fitur', 'yang', '', 'guna', 'suka', 'kesel', 'kalau', 'stuck', '', 'depan', 'logo', 'tiktok', '', 'pengaruh', '', 'buka', 'aplikasi', '']",-4,negative
Rama Alfadly,1,2023-09-24 20:25:56,"Dengarkan saya. Akhir akhir ini aplikasi tiktok sepertinya membuat masalah pada RAM. Gejalanya, ada yang langsung, ada juga yang setelah beberapa hari pemakaian tiba tiba aplikasi tiktok tidak bisa di buka. berhenti pada logo Tiktok, dan sesekali setelah itu langsung menutup dengan sendirinya. Yang lebih parahnya, beberapa perangkat mengalami LAGGing parah. Layar menyala mati menyala mati dan selalu kembali ke layar utama atau layar kunci. Dan saya cek RAM tersisa 100mb.","['dengar', '', 'akhir', 'akhir', '', 'aplikasi', 'tiktok', 'seperti', 'buat', 'masalah', '', 'ram', 'gejala', '', '', 'langsung', '', '', '', '', 'beberapa', 'hari', 'pakai', 'tiba', 'tiba', 'aplikasi', 'tiktok', '', '', '', 'buka', 'henti', '', 'logo', 'tiktok', '', 'sekal', '', '', 'langsung', 'tutup', '', 'sendiri', '', 'lebih', 'parah', 'beberapa', 'perangkat', 'alami', 'lelet', 'parah', 'layar', 'nyala', 'mati', 'nyala', 'mati', '', 'selalu', '', '', 'layar', 'utama', '', 'layar', 'kunci', '', '', 'cek', 'ram', 'sisa', 'mb']",-32,negative
Putri Putri,3,2023-11-02 16:33:33,Maaf tiktok sebelumnya saya kasih bintang 3 karena semakin tiktok di update semakin sering bug Contoh : -saat merekam layar tiba-tiba jadi hitam -saat buka apk keluar sendiri -like atau komen tidak bisa dipencet Ya itu bug yg sering saya alami semoga tiktok membaca ini dan segera memperbaikinya ya mungkin itu saja terimakasih (â â€¢â Ó©â â€¢â ) ğŸ’—,"['maaf', 'tiktok', 'belum', '', 'kasih', 'bintang', '', 'makin', 'tiktok', '', 'terbaru', 'makin', 'sering', 'bug', 'contoh', '', 'rekam', 'layar', 'tiba', 'jadi', 'hitam', '', 'buka', 'aplikasi', 'keluar', 'sendiri', 'like', '', 'komen', '', '', 'pencet', '', '', 'bug', 'yang', 'sering', '', 'alami', 'moga', 'tiktok', 'baca', '', '', 'segera', 'baik', '', 'mungkin', '', '', 'terima kasih', '']",-3,negative
Will,1,2023-09-30 21:42:59,"Aplikasi tiktok sekarang malah seperti virus,kalo mau buka aplikasinya pasti hp langsung lag dan itupun ngaruh ke aplikasi yg lain sekalipun masuk tapi nggak bisa di scroll dan kalo mau keluar aplikasinya malah lag banget,harus mulai ulang hp dulu baru bisa agak Lain nih emang aplikasi,semakin update semakain nggak jelas.ANEHHH!!!","['aplikasi', 'tiktok', 'sekarang', 'bahkan', '', 'viruskalo', 'mau', 'buka', 'aplikasi', '', 'seluler', 'langsung', 'lag', '', 'itu', 'berpengaruh', '', 'aplikasi', 'yang', '', 'sekalipun', 'masuk', '', '', '', '', 'scroll', '', 'kalau', 'mau', 'keluar', 'aplikasi', 'bahkan', 'lag', 'bangetharus', 'mulai', 'ulang', 'seluler', 'dulu', 'baru', '', '', '', 'ini', 'emang', 'aplikasisemakin', 'terbaru', 'semakain', '', 'jelasanehhh']",-10,negative
Jully Anti,2,2023-09-01 08:54:55,"Tolong pihak tiktok,kenapa setelah di update tiktok nya jadi makin lambat,untuk membuka pertama kali terlihat sangat lambat pdhl koneksi bagus,pdhl sebelum di update tidak seperti ini,tolong segera di perbaiki untuk kenyamanan pengguna ğŸ™","['', 'pihak', 'tiktokkenapa', '', '', 'terbaru', 'tiktok', 'nya', 'jadi', 'makin', 'lambatuntuk', 'buka', 'pertama', 'kali', 'lihat', 'sangat', 'lambat', 'padahal', 'koneksi', 'baguspdhl', '', '', 'terbaru', '', '', 'initolong', 'segera', '', 'baik', '', 'nyaman', 'guna']",13,positive
Agung Darmasila,1,2023-10-04 20:15:24,Sering macet pas buka aplikasinya dan tidak bisa masuk lagi ke aplikasinya. Hrus uninstal dan download ulang bru kebuka. Nnti tdk lama kemudian kembali tdk bisa kebuka. Capekkk udh ada 10x uninstal dan download hanya untuk buka tiktok. Lebih parahnya tiba2 HP nge frame parah dan macet2 bikin HP lemot buka apapun itu. Tolong diperbaiki.,"['sering', 'macet', 'pas', 'buka', 'aplikasi', '', '', '', 'masuk', '', '', 'aplikasi', 'harus', 'copot', '', 'unduh', 'ulang', 'baru', 'buka', 'nanti', 'tidak', 'lama', 'kemudian', '', 'tidak', '', 'buka', 'capekkk', 'udh', '', 'x', 'copot', '', 'unduh', '', '', 'buka', 'tiktok', 'lebih', 'parah', 'tiba', 'seluler', 'nge', 'frame', 'parah', '', 'macet', 'bikin', 'seluler', 'lot', 'buka', 'apa', '', '', 'baik']",-42,negative
Nurul H,1,2023-11-14 00:32:17,"Sumpah ya makin kesini makin sering bug, berkali-kali hapus install tetep aja ga ilang2 bugnya, video ngeframe terus, live suaranya masih nyantol padahal videonya udah lewat, masih banyak banget yg lainnya, tolonglah perbaiki lagi ini","['sumpah', '', 'makin', 'kesini', 'makin', 'sering', 'bug', 'berkalikali', 'hapus', 'pasang', 'tetep', 'saja', 'tidak', 'hilang', 'bugnya', 'video', 'ngeframe', 'terus', 'langsung', 'suara', '', 'nyantol', 'padahal', 'video', 'sudah', 'lewat', '', 'banyak', 'banget', 'yang', 'lain', 'tolong', 'baik', '', '']",-8,negative
Eka Riyanti,1,2023-10-09 13:51:16,"Setelah di update tadi pagi kenapa ini malah mau pilih baju di tiktok ngga ada keranjang kuning nya semua. Apa sekarang tiktok sudah ngga bisa buat pesenan, baju dll?? Terus kenapa ada efek baru di download ngga bisa, muncul nya tulisan efek tidak ada dikawasan anda ?? Gimana ini sudah di update malah tambah buruk !! Perhatikan kualitas nya","['', '', 'terbaru', 'tadi', 'pagi', '', '', 'bahkan', 'mau', 'pilih', 'baju', '', 'tiktok', 'tidak', '', 'keranjang', 'kuning', 'nya', 'semua', 'apa', 'sekarang', 'tiktok', '', 'tidak', '', 'buat', 'sen', 'baju', '', 'terus', '', '', 'efek', 'baru', '', 'unduh', 'tidak', '', 'muncul', 'nya', 'tulis', 'efek', '', '', 'kawasan', '', 'bagaimana', '', '', '', 'terbaru', 'bahkan', 'tambah', 'buruk', 'perhati', 'kualitas', 'nya']",-4,negative
P V S,1,2023-10-05 21:22:52,"sebelumnya saya pake tiktok lite, kalau mau tampilan bersih tinggal zoom in aja pake 2 jari.. skrg pake tiktok malah harus tekan lama terus baru klik tampilan bersih. menurut saya lebih enak yg lngsung zoom in 2 jari untuk menghilangkan teks. terus masalah translate, kenapa gk ada 'terjemahkan' di bawah captionnya lgsung sih? rempong bgt mau nranslate doangğŸ¤§ mohon diperbaiki. terima kasih","['belum', '', 'pakai', 'tiktok', 'lite', 'kalau', 'mau', 'tampil', 'bersih', 'tinggal', 'zoom', 'masuk', 'saja', 'pakai', 'jari', 'sekarang', 'pakai', 'tiktok', 'bahkan', '', 'tekan', 'lama', 'terus', 'baru', 'klik', 'tampil', 'bersih', '', '', 'lebih', 'enak', 'yang', 'langsung', 'zoom', 'masuk', 'jari', '', 'hilang', 'teks', 'terus', 'masalah', 'translate', '', 'tidak', '', 'terjemah', '', 'bawah', 'captionnya', 'lgsung', 'sih', 'sulit', 'banget', 'mau', 'nranslate', 'doang', 'mohon', 'baik', 'terima', 'kasih']",-24,negative
Jabrik Bhaburinik,1,2023-09-07 05:40:50,"Tik tok knp si, setelah di update kok pas buka apk nya suka keluar sendiri, trs nge bug juga. Padahal jaringan lancar banget sampe aku hapus nih aplikasi trs aku install ulang, kalonya masih nge bug dan keluar sendiri aku ga bakal download lagi","['tik', 'tok', 'kenapa', 'si', '', '', 'terbaru', 'kok', 'pas', 'buka', 'aplikasi', 'nya', 'suka', 'keluar', 'sendiri', 'terus', 'nge', 'bug', '', 'padahal', 'jaringan', 'lancar', 'banget', 'sampai', 'aku', 'hapus', 'ini', 'aplikasi', 'terus', 'aku', 'pasang', 'ulang', 'kalau', '', 'nge', 'bug', '', 'keluar', 'sendiri', 'aku', 'tidak', 'bakal', 'unduh', '']",-14,negative
Susi Berliyana,1,2023-10-04 05:50:48,"Bener bener sangat mengecewakan, saya pengguna tiktok dari lama, tapi makin kesini tiktok makin jelek. Setelah di update jadi ga bisa di buka ya, padahal sebelumnya bisa bisa aja. Kalau mau buka tiktok harus hapus dulu aplikasi download ulang hahaha","['benar', 'benar', 'sangat', 'kecewa', '', 'guna', 'tiktok', '', 'lama', '', 'makin', 'kesini', 'tiktok', 'makin', 'jelek', '', '', 'terbaru', 'jadi', 'tidak', '', '', 'buka', '', 'padahal', 'belum', '', '', 'saja', 'kalau', 'mau', 'buka', 'tiktok', '', 'hapus', 'dulu', 'aplikasi', 'unduh', 'ulang', 'hahaha']",-19,negative
Yiengg jounglee,1,2023-09-21 21:42:16,"Aplikasi tidak bisa dibuka sama sekali padahal saya sudah update ke versi terbaru tapi tetep saja tidak ada perubahan, semua file sudah saya hapus tapi tetap saja tiktok tidak bisa dibukak, tolong dong perbaiki, padahal dulu tidak seperti ini, DIMOHON UNTUK DIPERBAIKI LAGI APLIKASI INI!!!!!ğŸ˜¡","['aplikasi', '', '', 'buka', 'sama', 'sekali', 'padahal', '', '', 'terbaru', '', 'versi', 'baru', '', 'tetep', '', '', '', 'ubah', 'semua', 'file', '', '', 'hapus', '', 'tetap', '', 'tiktok', '', '', 'dibukak', '', 'dong', 'baik', 'padahal', 'dulu', '', '', '', 'mohon', '', 'baik', '', 'aplikasi', '']",-1,negative
a s,2,2023-10-01 11:08:05,"setelah di update malah sering lag, penempatan for you nya udah paling benar di sisi paling kanan, malah diubah di tengah, lagi-lagi update tiktok mengecewakan, font nya jelek, ngga ada fitur translate, Iklan nya bukan cuman di beranda, sekarang kalo nge scrol akun juga muncul iklan nya","['', '', 'terbaru', 'bahkan', 'sering', 'lag', 'tempat', 'for', 'you', 'nya', 'sudah', 'paling', 'benar', '', 'sisi', 'paling', 'kanan', 'bahkan', 'ubah', '', 'tengah', 'lagilagi', 'terbaru', 'tiktok', 'kecewa', 'font', 'nya', 'jelek', 'tidak', '', 'fitur', 'translate', 'iklan', 'nya', 'bukan', 'cuman', '', 'beranda', 'sekarang', 'kalau', 'nge', 'scrol', 'akun', '', 'muncul', 'iklan', 'nya']",-9,negative
